variant,replication,on_time_rate,missed_pct,p95_tardiness_h,mean_orders_per_tour
fifo,0,0.8960608663639711,10.393913363602891,4.16339347928606,5.0702155453951665
fifo,1,0.9161860350963308,8.381396490366921,4.0,4.720588235294118
edd (baseline),0,0.9703031046754202,2.9696895324579753,0.53406946565335,4.534689540003036
edd (baseline),1,0.9914099889557001,0.8590011044299906,0.30003351647587906,4.176687297376953
least_slack,0,0.9565590870045404,4.34409129954596,1.733110269729255,5.043806879531081
least_slack,1,0.9826972634679102,1.7302736532089802,0.5238289267075662,4.662174303683738
least_slack + ML pick time,0,0.9558228003436005,4.417719965639955,1.733110269729255,4.998615171564857
least_slack + ML pick time,1,0.9830654067983802,1.693459320161983,0.5238289267075662,4.602413228064949
triage,0,0.99644128113879,0.3558718861209953,0.19189390580066376,3.589069423929099
triage,1,0.99840471223463,0.15952877653699904,0.19189390580066376,3.367980366681103
triage + ML pick time,0,0.99644128113879,0.3558718861209953,0.19189390580066376,3.6764662212323684
triage + ML pick time,1,0.99840471223463,0.15952877653699904,0.19189390580066376,3.3847816688283614
risk escalation (thr 0.20),0,0.9912872745122101,0.8712725487789896,0.30003351647587906,3.6131809410716937
risk escalation (thr 0.20),1,0.99496870781691,0.5031292183089953,0.24805832761029403,3.36158273381295
risk escalation (thr 0.35),0,0.9892011289728802,1.079887102711985,0.30003351647587906,3.6491540516473733
risk escalation (thr 0.35),1,0.99656399558228,0.3436004417719962,0.19189390580066376,3.357142857142857
risk escalation (thr 0.50),0,0.9890784145293902,1.092158547060984,0.30003351647587906,3.6559123871540624
risk escalation (thr 0.50),1,0.99644128113879,0.3558718861209953,0.19189390580066376,3.375809935205184
risk escalation (thr 0.80),0,0.99349613449503,0.6503865504969952,0.24805832761029403,3.627803356601812
risk escalation (thr 0.80),1,0.99828199779114,0.1718002208859981,0.19189390580066376,3.4091499494876607
