orders_per_day,scenario,replication,on_time_rate,picker_utilisation,orders_measured
150,baseline,0,1.0,0.6606458188544092,6516
150,baseline,1,1.0,0.6403494662032869,6516
150,optimized,0,0.9993861264579497,0.6555599345801131,6516
150,optimized,1,0.9993861264579497,0.6336451348845056,6516
175,baseline,0,0.9982201881515382,0.7951658726952614,7866
175,baseline,1,0.9997457411645054,0.7696058656283651,7866
175,optimized,0,0.9987287058225274,0.790211973797314,7866
175,optimized,1,0.9986015764047801,0.7635738941881227,7866
200,baseline,0,0.9703031046754202,0.8085176022982155,8149
200,baseline,1,0.9914099889557001,0.7844252950889516,8149
200,optimized,0,0.99742299668671,0.8013180721201456,8149
200,optimized,1,0.99901828445208,0.7756307925446071,8149
225,baseline,0,0.5404435058078142,0.927834633833183,9470
225,baseline,1,0.67909186906019,0.8963973438088552,9470
225,optimized,0,0.9844772967265047,0.9344742697881667,9470
225,optimized,1,0.9872228088701162,0.8985119348692118,9470
250,baseline,0,0.3545138253067204,1.0132358179855552,10922
250,baseline,1,0.6198498443508514,0.9931904960757573,10922
250,optimized,0,0.9834279436000732,1.0134740121444898,10922
250,optimized,1,0.9881889763779528,1.0002666371349789,10922
275,baseline,0,0.0,1.0158198562406289,12321
275,baseline,1,0.0,1.0148002277932529,12321
275,optimized,0,0.9582826069312556,1.0143045176869065,12321
275,optimized,1,0.9668858047236426,1.012395321867594,12321
