scenario,kpi,baseline_mean,scenario_mean,delta_mean,delta_ci95_low,delta_ci95_high,relative_pct
slotting_only,on_time_rate,0.8631979383973494,0.8715179776659714,0.008320039268621949,-4.2115486938890806e-05,0.01668219402418279,0.9638622728952868
dispatch_only,on_time_rate,0.8631979383973494,0.9636028960608665,0.10040495766351702,0.02272742032421063,0.17808249500282342,11.63174206022007
routing_only,on_time_rate,0.8631979383973494,0.885556510001227,0.022358571603877796,-0.005206294088082663,0.04992343729583826,2.5902021551846715
optimized,on_time_rate,0.8631979383973494,0.9642410111670143,0.101043072769665,0.02354495827725031,0.17854118726207968,11.705666600324133
risk_escalation,on_time_rate,0.8631979383973494,0.9546938274634925,0.0914958890661431,0.021104441028479942,0.16188733710380626,10.599641750305652
slotting_only,distance_per_line_m,8.156151396037387,8.097296417882479,-0.05885497815490996,-0.06270853348406369,-0.055001422825756235,-0.7216023256201972
dispatch_only,distance_per_line_m,8.156151396037387,8.374654851872181,0.21850345583479366,0.14317136023650534,0.293835551433082,2.6790019609120073
routing_only,distance_per_line_m,8.156151396037387,7.531501152944489,-0.6246502430928984,-0.6331295137576326,-0.6161709724281642,-7.658639629916392
optimized,distance_per_line_m,8.156151396037387,7.687282101695935,-0.46886929434145247,-0.5523579814150033,-0.3853806072679017,-5.748658547084468
risk_escalation,distance_per_line_m,8.156151396037387,7.688335306242505,-0.4678160897948825,-0.5581140757209202,-0.3775181038688447,-5.735745538296014
slotting_only,mean_tardiness_h,1.2350939734625273,1.1362622807491332,-0.09883169271339419,-0.22066699957632496,0.023003614149536583,-8.001957327694203
dispatch_only,mean_tardiness_h,1.2350939734625273,0.6821198383885759,-0.5529741350739517,-1.032441407671742,-0.07350686247616117,-44.77182683708794
routing_only,mean_tardiness_h,1.2350939734625273,0.9644144228359324,-0.270679550626595,-0.640400547552032,0.09904144629884204,-21.915704913348232
optimized,mean_tardiness_h,1.2350939734625273,0.6340740100019028,-0.6010199634606246,-1.1513431810878996,-0.05069674583334971,-48.661881312212515
risk_escalation,mean_tardiness_h,1.2350939734625273,1.205966462588444,-0.02912751087408334,-0.3210774114669786,0.26282238971881194,-2.358323455536403
slotting_only,putaway_distance_per_receipt_m,82.71170781658891,82.60111503015132,-0.11059278643759285,-0.11059278643759285,-0.11059278643759285,-0.13370874493708862
dispatch_only,putaway_distance_per_receipt_m,82.71170781658891,82.71170781658891,0.0,0.0,0.0,0.0
routing_only,putaway_distance_per_receipt_m,82.71170781658891,82.71170781658891,0.0,0.0,0.0,0.0
optimized,putaway_distance_per_receipt_m,82.71170781658891,82.60111503015132,-0.11059278643759285,-0.11059278643759285,-0.11059278643759285,-0.13370874493708862
risk_escalation,putaway_distance_per_receipt_m,82.71170781658891,82.60111503015132,-0.11059278643759285,-0.11059278643759285,-0.11059278643759285,-0.13370874493708862
