scenario,replication,orders_measured,on_time_rate,staged_on_time_rate,shipped_rate,mean_tardiness_h,p95_tardiness_h,mean_tardiness_h__made_truck,mean_tardiness_h__missed_truck,on_time_rate__NEXT_DAY,on_time_rate__SAME_DAY,on_time_rate__STANDARD,tours,total_distance_km,distance_per_line_m,mean_tour_distance_m,mean_orders_per_tour,mean_aisles_per_tour,picker_utilisation,travel_share_of_pick_time,missed_orders,miss_share__picking,miss_share__loading,mean_staging_dwell_h,p95_staging_dwell_h,mean_dock_wait_min,mean_crew_wait_min,orders_rolled,rolled_picking,rolled_loading,mean_orders_per_truck,mean_loading_min,loading_window_used_pct,loader_utilisation,putaway_distance_per_receipt_m,putaway_total_distance_km
baseline,0,8149,0.9196220395140507,0.9622039514050804,1.0,0.459583205370405,4.0,0.008692759616150248,5.6183206106870225,0.8924644676857066,0.9036231884057971,0.9601973684210526,6038,1552.6784,8.293424777532074,257.1511096389533,5.7348459754885726,9.476979132162969,0.794714929677995,0.16523863371042904,655,0.5389312977099237,0.46106870229007635,13.312565011046026,23.511828220348754,0.0,0.0,696,394,302,48.73809523809524,21.874325396825395,51.91058428159446,0.042890834111422346,82.71170781658891,726.9531999999999
slotting_only,0,8149,0.9251441894711008,0.9664989569272303,1.0,0.4178602945838054,4.0,0.008640872869535743,5.475409836065574,0.8946098149637972,0.9079710144927536,0.9703947368421053,6032,1538.9684,8.230481752449407,255.13401856763923,5.741379310344827,9.416279840848807,0.7926290253164229,0.1642105994510928,610,0.49508196721311476,0.5049180327868853,13.362038116592982,23.528612472586747,0.0,0.0,641,333,308,48.73809523809524,21.874325396825395,51.93285955593201,0.042890834111422346,82.60111503015132,725.9812
dispatch_only,0,8149,0.9653945269358204,0.9959504233648301,1.0,0.29180752124716985,0.0,0.008890236512417294,8.184397163120567,0.9485116653258246,0.9485507246376812,0.99375,6303,1586.8512,8.478626194839682,251.7612565445026,4.189592257655085,9.273203236554021,0.8009311189125877,0.16756468427242466,282,0.13120567375886524,0.8687943262411347,14.439525524810653,23.66458595832282,0.0,0.0,464,206,258,48.74404761904762,21.90060515873016,51.97919665089196,0.04294236305633364,82.71170781658891,726.9531999999999
routing_only,0,8149,0.9181494661921709,0.9606086636397104,1.0,0.46731151166233936,4.0,0.009104719130767606,5.607196401799101,0.8919281308661839,0.9036231884057971,0.9569078947368421,6388,1434.6524,7.670584335384664,224.5855353788353,4.181433938634941,8.374452097683156,0.7873792651279805,0.15410054372815077,667,0.5637181409295352,0.4362818590704648,13.612642596673261,23.619691489030505,0.0,0.0,715,424,291,48.73809523809524,21.874325396825395,51.945280327145795,0.042890834111422346,82.71170781658891,726.9531999999999
optimized,0,8149,0.9668671002577003,0.99656399558228,1.0,0.2777533655686025,0.0,0.009063609089800924,8.118518518518519,0.9506570126039152,0.95,0.9944078947368421,6486,1454.6804,7.774341707951879,224.2800493370336,3.5673758865248226,8.4122725871107,0.7900933827711819,0.155715060411159,270,0.1111111111111111,0.8888888888888888,14.60020372298178,23.656412391846793,0.0,0.0,438,187,251,48.73809523809524,21.874325396825395,51.87406081554512,0.042890834111422346,82.60111503015132,725.9812
risk_escalation,0,8149,0.9631856669530003,0.9938642778255,1.0,0.3786583777218372,0.0,0.00887847114986005,10.053333333333333,0.9503888441941539,0.946376811594203,0.9865131578947368,6493,1457.2856,7.786517058053485,224.43948868011702,3.526875096257508,8.413368242722932,0.7890742133617135,0.156195413881545,300,0.2,0.8,14.712653229413242,23.67045173957168,0.0,0.0,588,317,271,48.73809523809524,21.874325396825398,51.84009649768431,0.042890834111422346,82.60111503015132,725.9812
baseline,1,8149,0.9424469260031906,0.9824518345809302,1.0,0.2945181616222312,4.0,0.008857877481713834,4.97228144989339,0.911504424778761,0.9253623188405797,0.9881578947368421,6192,1569.7116,8.39633488809962,253.50639534883723,5.38000645994832,9.329457364341085,0.7700367613362888,0.17240500310950338,469,0.3646055437100213,0.6353944562899787,13.864517931581492,23.60180278194163,0.0,0.0,469,171,298,48.73809523809524,21.874325396825398,51.8106505626892,0.042890834111422346,82.71170781658891,726.9531999999999
slotting_only,1,8149,0.9436740704380906,0.9860105534421402,1.0,0.2853175530028159,4.0,0.008459393942775938,4.923747276688453,0.9144542772861357,0.922463768115942,0.9891447368421052,6198,1558.5188,8.333879471686007,251.45511455308164,5.356889319135205,9.26782833171991,0.7676461685987923,0.17170874520684584,459,0.3115468409586057,0.6884531590413944,13.982446987242263,23.590749570522973,0.0,0.0,459,143,316,48.73809523809524,21.874325396825395,51.79291597057716,0.042890834111422346,82.60111503015132,725.9812
dispatch_only,1,8149,0.9672352435881704,0.9976684255736901,1.0,0.2152337085094106,0.0,0.008873317767468518,6.307116104868914,0.9495843389648699,0.9536231884057971,0.9950657894736842,6415,1600.17,8.56058376978756,249.4419329696025,4.019953234606391,9.17692907248636,0.7746246795985596,0.1747093911549036,267,0.07116104868913857,0.9288389513108615,14.7743551749118,23.71344954254235,0.0,0.0,357,97,260,48.73809523809524,21.874325396825395,51.868546317800835,0.042890834111422346,82.71170781658891,726.9531999999999
routing_only,1,8149,0.9480917904037305,0.9893238434163701,1.0,0.25899958118173055,4.0,0.008618636687797363,4.832151300236407,0.9192813086618397,0.927536231884058,0.9927631578947368,6527,1454.1231999999998,7.77572724161533,222.78584341964145,3.966753485521679,8.329400949900414,0.7626110426150996,0.1612647953230558,423,0.29550827423167847,0.7044917257683215,14.263387338426853,23.65891562994621,0.0,0.0,423,125,298,48.73809523809524,21.874325396825398,51.8094482421419,0.042890834111422346,82.71170781658891,726.9531999999999
optimized,1,8149,0.9668671002577003,0.99742299668671,1.0,0.23078801417229436,0.0,0.008718305303975982,6.711111111111111,0.9498525073746312,0.9507246376811594,0.9950657894736842,6602,1468.7856000000002,7.862709577953363,222.47585580127236,3.4304756134504695,8.356558618600424,0.7644710401610406,0.16249455908735025,270,0.08888888888888889,0.9111111111111111,14.926989705593245,23.730868290716057,0.0,0.0,378,114,264,48.74404761904762,21.90060515873016,51.96986445497733,0.04294236305633364,82.60111503015132,725.9812
risk_escalation,1,8149,0.9612222358571604,0.9946005644864401,1.0,0.34090747216139294,0.19842614348693233,0.008943570872359405,8.569620253164556,0.9506570126039152,0.9478260869565217,0.9802631578947368,6593,1465.4751999999996,7.839490732072644,222.2774457758228,3.394509328075231,8.354618534809646,0.7639390316202337,0.16224122966744883,316,0.18354430379746836,0.8164556962025317,15.20121255160169,23.719627537748828,0.0,0.0,535,266,269,48.73809523809524,21.874325396825395,51.87813154480031,0.042890834111422346,82.60111503015132,725.9812
baseline,2,8149,0.8578966744385814,0.893606577494171,1.0,1.249373363672037,12.0,0.009318200624149616,8.735751295336788,0.8331992491284527,0.8376811594202899,0.8973684210526316,5746,1518.3512,8.10786195259226,264.2449008005569,6.459624086320919,9.748346675948486,0.8453726385709366,0.15190270426498803,1158,0.7823834196891192,0.21761658031088082,12.25518374162281,23.332747707562522,0.0,0.0,1795,1500,295,48.73809523809524,21.874325396825395,51.98385223105087,0.042890834111422346,82.71170781658891,726.9531999999999
slotting_only,2,8149,0.8648913977175113,0.901705730764511,1.0,1.1931527316745139,8.0,0.009506471398355998,8.770208900999092,0.8390989541432019,0.8427536231884057,0.906578947368421,5747,1507.5532000000003,8.048009822763188,262.3200278406125,6.48268661910562,9.70628153819384,0.844276605001116,0.15101822017012187,1101,0.7674841053587648,0.23251589464123523,12.29796964076633,23.32642344918257,0.0,0.0,1724,1423,301,48.73809523809524,21.874325396825395,51.99695041800355,0.042890834111422346,82.60111503015132,725.9812
dispatch_only,2,8149,0.9629402380660204,0.99226899006013,1.0,0.5864960657635833,0.0,0.009093467555427661,15.589403973509933,0.9466344864574953,0.9434782608695652,0.9917763157894737,6033,1555.768,8.307620013883698,257.8763467594895,4.664677606497596,9.519476214155478,0.8521167760066812,0.15441417827092307,302,0.2251655629139073,0.7748344370860927,13.651600538261851,23.529912263471736,0.0,0.0,885,636,249,48.74404761904762,21.90060515873016,51.98962758866666,0.04294236305633364,82.71170781658891,726.9531999999999
routing_only,2,8149,0.8734814087618112,0.9085777395999509,1.0,1.0975850455656107,8.0,0.009584228198112124,8.609117361784675,0.8474121748458031,0.8608695652173913,0.9111842105263158,6110,1399.6287999999997,7.471421174285088,229.07181669394433,4.6589198036006545,8.499181669394435,0.8366917975792866,0.14147796835696946,1031,0.7633365664403492,0.23666343355965083,12.706918984142572,23.443043850291417,0.0,0.0,1587,1301,286,48.73809523809524,21.87432539682539,52.00774255295293,0.04289083411142234,82.71170781658891,726.9531999999999
optimized,2,8149,0.9639219536139404,0.9923917045036201,1.0,0.5259512607653101,0.0,0.008908570843604264,14.34013605442177,0.9490480021453472,0.9456521739130435,0.9904605263157895,6287,1429.5095999999999,7.62909657586884,227.37547319866388,3.8396691585811995,8.494035310959122,0.8411263380583528,0.14373657754802702,294,0.22108843537414966,0.7789115646258503,13.936947732071587,23.578973544630635,0.0,0.0,800,562,238,48.74404761904762,21.90060515873016,51.84039576326239,0.04294236305633364,82.60111503015132,725.9812
risk_escalation,2,8149,0.9557000859001105,0.9873604123205302,1.0,0.9133374510693286,0.20088776586991217,0.009089225573184244,20.42105263157895,0.9517296862429606,0.9434782608695652,0.9661184210526316,6274,1430.0148,7.637213674209449,227.92712782913608,3.8141536499840614,8.527892891297418,0.8408160803469307,0.14384043214769585,361,0.34349030470914127,0.6565096952908587,13.905943886106469,23.564577586111717,0.0,0.0,1291,1026,265,48.73809523809524,21.874325396825398,51.79398078650549,0.042890834111422346,82.60111503015132,725.9812
baseline,3,8149,0.7096576267026629,0.7510123941587925,1.0,3.3460124184760107,20.0,0.011526058820855842,11.496196111580726,0.668543845534996,0.6695652173913044,0.7782894736842105,5262,1459.8003999999999,7.782032774300854,277.42310908399844,8.097301406309388,10.274800456100342,0.887501391460859,0.13911241544801883,2366,0.9053254437869822,0.09467455621301775,9.60205695110017,22.93464899686217,0.0,0.0,4630,4389,241,48.73809523809524,21.874325396825398,52.372296992311284,0.042890834111422346,82.71170781658891,726.9531999999999
slotting_only,3,8149,0.7345686587311326,0.7760461406307523,1.0,3.000449772752609,20.0,0.011136852348983208,11.273231622746186,0.699383212657549,0.7014492753623188,0.7927631578947368,5266,1448.7536,7.725408599111614,275.1146221040638,8.040068363083934,10.204329661982529,0.8854111570376848,0.13838562952403852,2163,0.8895053166897827,0.11049468331021729,9.740741237256966,22.96031512436891,0.0,0.0,4166,3900,266,48.73809523809524,21.874325396825395,52.34343694332539,0.042890834111422346,82.60111503015132,725.9812
dispatch_only,3,8149,0.9588906614308504,0.9874831267640202,1.0,1.903030789459507,0.198815032375666,0.009188367456555402,46.07761194029851,0.943952802359882,0.941304347826087,0.9851973684210527,5785,1530.2227999999998,8.152405408573163,264.5156093344857,5.152981849611063,9.780639585133967,0.8989001055312963,0.14397420626726792,335,0.34328358208955223,0.6567164179104478,12.639982636089325,23.376447585096273,0.0,0.0,2673,2440,233,48.74404761904762,21.90060515873016,52.146932540243824,0.04294236305633364,82.71170781658891,726.9531999999999
routing_only,3,8149,0.7868450116578721,0.8239047735918518,1.0,2.332078372426321,20.0,0.010621749360900106,10.901554404145077,0.7551622418879056,0.7536231884057971,0.8407894736842105,5687,1344.6611999999998,7.170302668344601,236.44473360295405,5.573940566203622,8.695621593107086,0.8771818097548211,0.1296476688441858,1737,0.8612550374208405,0.13874496257915947,10.3924807043772,23.11783121801732,0.0,0.0,3310,3026,284,48.73809523809524,21.874325396825395,52.27864766143201,0.042890834111422346,82.71170781658891,726.9531999999999
optimized,3,8149,0.9588906614308504,0.9877285556510002,1.0,1.7157892380280475,0.1879122545978882,0.009465894636621284,41.516417910447764,0.94556181281845,0.941304347826087,0.9832236842105263,6067,1402.7528,7.479712702822316,231.21028514916765,4.191692764133839,8.606560079116532,0.8872042933585533,0.13372079972508816,335,0.3402985074626866,0.6597014925373135,13.093324820562636,23.40718141820411,0.0,0.0,2415,2159,256,48.74404761904762,21.90060515873016,52.01370791098287,0.04294236305633364,82.60111503015132,725.9812
risk_escalation,3,8149,0.9345932016198306,0.9664989569272303,1.0,3.846467481870121,4.0,0.00956716252095816,58.671669793621014,0.9517296862429606,0.9355072463768116,0.9131578947368421,6045,1404.9024,7.490176257957199,232.40734491315135,4.10272952853598,8.666004962779157,0.8876537828698545,0.13385789832693504,533,0.5703564727954972,0.42964352720450283,13.181708627303296,23.37251559798916,0.0,0.0,5260,4941,319,48.73809523809524,21.874325396825395,51.98899013975121,0.042890834111422346,82.60111503015132,725.9812
baseline,4,8149,0.8863664253282612,0.9250214750276108,1.0,0.8259827181719531,4.0,0.009266671796102115,7.1965442764578835,0.8525073746312685,0.8731884057971014,0.9338815789473685,5891,1535.2136,8.20110258766213,260.6032252588695,6.127143099643524,9.614836190799524,0.8188058402598469,0.15857303306606713,926,0.693304535637149,0.30669546436285094,12.778539102338,23.453284726548524,0.0,0.0,1222,919,303,48.73809523809524,21.874325396825398,51.96920553156768,0.042890834111422346,82.71170781658891,726.9531999999999
slotting_only,4,8149,0.8893115719720212,0.9267394772364708,1.0,0.7845310517319217,4.0,0.008989035540696836,7.015521064301552,0.8557253955484044,0.8731884057971014,0.937828947368421,5896,1525.4207999999999,8.148702443402172,258.721302578019,6.101594301221167,9.555461329715062,0.8198335565897331,0.15736401558025528,902,0.6851441241685144,0.3148558758314856,12.820398917595822,23.44625932964755,0.0,0.0,1172,875,297,48.73809523809524,21.874325396825395,51.929843911918276,0.042890834111422346,82.60111503015132,725.9812
dispatch_only,4,8149,0.9635538102834703,0.9942324211559701,1.0,0.4140311069632086,0.0,0.008907219898520995,11.124579124579125,0.947975328506302,0.941304347826087,0.9927631578947368,6142,1568.29,8.374038872276804,255.33865190491696,4.450179094757408,9.422012373819603,0.8265546593664218,0.16047088605941612,297,0.18855218855218855,0.8114478114478114,14.039537914257032,23.61002247725329,0.0,0.0,641,382,259,48.74404761904762,21.90060515873016,51.90660111275708,0.04294236305633364,82.71170781658891,726.9531999999999
routing_only,4,8149,0.901214872990551,0.9375383482635906,1.0,0.6660976033436605,4.0,0.009263258394266028,6.658385093167702,0.8753016894609815,0.8847826086956522,0.9404605263157895,6236,1417.4136,7.569470345092762,227.29531751122516,4.415009621552277,8.45141116100064,0.8119923575225255,0.1476339057931018,805,0.6484472049689441,0.3515527950310559,13.17452343921354,23.54634042013385,0.0,0.0,998,709,289,48.73809523809524,21.874325396825398,51.98172509518939,0.042890834111422346,82.71170781658891,726.9531999999999
optimized,4,8149,0.9646582402748803,0.9943551355994601,1.0,0.42008817147525956,0.0,0.009069903237741985,11.63888888888889,0.9498525073746312,0.9442028985507246,0.9921052631578947,6358,1438.9788,7.690549943883277,226.3256999056307,3.716892104435357,8.451399811261403,0.8154061525644001,0.1492525869590056,288,0.17708333333333334,0.8229166666666666,14.297390660339449,23.60569416605878,0.0,0.0,643,377,266,48.74404761904762,21.90060515873016,51.908109369361945,0.04294236305633364,82.60111503015132,725.9812
risk_escalation,4,8149,0.9587679469873605,0.99202356117315,1.0,0.5504615301195404,0.1928150323757695,0.008922438108810151,13.142857142857142,0.9490480021453472,0.9427536231884058,0.9779605263157894,6363,1439.438,7.688278808919749,226.2200220022002,3.715857300015716,8.473675939022474,0.8156901884827086,0.14924822708697072,336,0.2261904761904762,0.7738095238095238,14.403166443206588,23.591747347103226,0.0,0.0,814,522,292,48.73809523809524,21.874325396825398,51.82535069899961,0.042890834111422346,82.60111503015132,725.9812
