condition,scenario,replication,orders_measured,on_time_rate,staged_on_time_rate,shipped_rate,mean_tardiness_h,p95_tardiness_h,mean_tardiness_h__made_truck,mean_tardiness_h__missed_truck,on_time_rate__NEXT_DAY,on_time_rate__SAME_DAY,on_time_rate__STANDARD,tours,total_distance_km,distance_per_line_m,mean_tour_distance_m,mean_orders_per_tour,mean_aisles_per_tour,picker_utilisation,travel_share_of_pick_time,mean_dock_wait_min,orders_rolled,putaway_distance_per_receipt_m,putaway_total_distance_km
normal,baseline,0,8149,0.9703031046754202,0.9734936802061602,1.0,0.22162992531680878,0.53406946565335,0.04073128385059751,6.132231404958677,0.9672834540091177,0.9550724637681159,0.9809210526315789,6587,1618.2143999999998,8.6504535808026,245.6678913010475,4.534689540003036,9.028692879914985,0.8085176022982155,0.16927313512049907,0.0,243,82.71170781658891,726.9531999999999
normal,optimized,0,8149,0.99742299668671,0.9975457111302001,1.0,0.12149493942896976,0.19189390580066376,0.03962380184629362,31.80952380952381,0.9981228211316707,0.9920289855072464,0.9990131578947369,7031,1522.7651999999998,8.14317295814416,216.57875124448864,2.9960176361826196,8.170388280472194,0.8013180721201456,0.16071982895186993,0.0,122,82.60111503015132,725.9812
normal,baseline,1,8149,0.9914099889557001,0.9950914222604,1.0,0.1072600639841299,0.30003351647587906,0.039864124446920966,7.885714285714286,0.9927594529364441,0.9746376811594203,0.9973684210526316,6786,1642.31,8.783204890284143,242.01444149720012,4.176687297376953,8.876657824933687,0.7844252950889516,0.17707000653432742,0.0,70,82.71170781658891,726.9531999999999
normal,optimized,1,8149,0.99901828445208,0.99901828445208,1.0,0.0719838422962729,0.19189390580066376,0.03956052836342888,33.06675868320667,1.0,0.994927536231884,0.999671052631579,7233,1545.6367999999998,8.274331233036579,213.69235448638184,2.81197290197705,8.088068574588691,0.7756307925446071,0.16853645814596976,0.0,46,82.60111503015132,725.9812
normal,baseline,2,8149,0.9256350472450607,0.9290710516627807,1.0,0.686963095030884,4.0,0.04269683964028563,8.706270627062706,0.9157951193349424,0.9253623188405797,0.937828947368421,6136,1566.5803999999998,8.357457841416506,255.30971316818773,5.504563233376793,9.411016949152541,0.8556297778780695,0.15484894606752278,0.0,915,82.71170781658891,726.9531999999999
normal,optimized,2,8149,0.9925144189471101,0.9938642778255,1.0,0.36837935696026836,0.27924344092961667,0.039789095336185,43.93621601295349,0.9941002949852508,0.9847826086956522,0.9940789473684211,6713,1484.2632,7.922746634497337,221.10281543274246,3.2746908982571132,8.333085058841055,0.85293363824167,0.14717604669100362,0.0,466,82.60111503015132,725.9812
normal,baseline,3,8149,0.8062338937292919,0.8174009080868818,1.0,2.2558725694561335,20.0,0.04891627191296158,11.438711628897956,0.7833199249128453,0.7746376811594203,0.8486842105263158,5577,1498.1044,7.986482567437893,268.6219114219114,7.059350905504751,9.936883629191321,0.8931037952448665,0.14186707037461582,0.0,3087,82.71170781658891,726.9531999999999
normal,optimized,3,8149,0.9883421278684501,0.9894465578598601,1.0,1.6475547159000155,0.30003351647587906,0.03995706519481801,137.9379913346333,0.9887369267900241,0.9797101449275363,0.9917763157894737,6468,1453.0056,7.746884197056941,224.64526901669757,3.5851886209029065,8.41604823747681,0.8979256991445961,0.13685741806404148,0.0,2230,82.60111503015132,725.9812
normal,baseline,4,8149,0.9563136581175604,0.9586452325438705,1.0,0.32716434671820765,1.733110269729255,0.04132712195645767,6.584269662921348,0.9562885492089032,0.9514492753623188,0.9585526315789473,6413,1596.2143999999998,8.52450947930574,248.90291595197255,4.883517854358335,9.156401060346171,0.8321861365367492,0.16222291597195743,0.0,408,82.71170781658891,726.9531999999999
normal,optimized,4,8149,0.9946005644864401,0.99521413670389,1.0,0.25451739617212843,0.24805832761029403,0.03973624446720228,39.81818181818182,0.996781979082864,0.986231884057971,0.9957236842105263,6896,1506.6527999999998,8.047757112181781,218.48213457076562,3.1276102088167055,8.226653132250581,0.8290749148164646,0.15369539797656262,0.0,290,82.60111503015132,725.9812
demand_surge,baseline,0,11293,0.0,0.0,0.9250863366687329,107.7844815610593,144.53406946565335,0.0,107.7844815610593,0.0,0.0,0.0,5755,1798.9884,7.1258071543723585,312.5957254561251,12.304257167680278,11.648827106863596,1.0148127778998346,0.14992839498890045,0.0,193897,82.71170781658891,726.9531999999999
demand_surge,optimized,0,11293,0.9727264677233685,0.9742318250243513,0.9744089258832905,0.04173368079125215,0.036396206799998054,0.03197427614264348,5.684210526315789,0.9730958696475938,0.9724172517552658,0.9723949266351654,7285,1753.9008,7.044994918801238,240.75508579272474,5.385724090597117,8.892518874399451,1.0143215800422556,0.1462415618366395,0.0,57670,82.60111503015132,725.9812
demand_surge,baseline,1,11293,0.006109979633401222,0.008412290799610377,1.0,37.98827513164186,72.0,0.0,38.221809609910146,0.0018946570670708603,0.0010030090270812437,0.014175578214374533,5974,1867.158,7.124218767885351,312.5473719450954,12.425845329762303,11.644626715768329,1.016594135736088,0.15533700428031133,0.0,71497,82.71170781658891,726.9531999999999
demand_surge,optimized,1,11293,0.9797219516514655,0.9806074559461614,0.9924732134950854,8.212384667679473,0.24805832761029403,0.031875349701008235,636.7481839323581,0.980106100795756,0.9789368104312939,0.9796070629196717,7694,1838.4359999999997,7.136176258238814,238.944112295295,5.103587210813621,8.858071224330647,1.0131280143182693,0.15347076119396108,0.0,27305,82.60111503015132,725.9812
demand_surge,baseline,2,11293,0.0,0.0,0.7663154166297707,242.30155062728568,308.0,0.0,242.30155062728568,0.0,0.0,0.0,5371,1680.118,7.109353644345711,312.8128840067027,12.422267734127724,11.666542543288028,1.0170380267867023,0.1397153262021804,0.0,430375,82.71170781658891,726.9531999999999
demand_surge,optimized,2,11293,0.9582041972903569,0.9612149118923227,0.9614805631807314,0.05217642762279097,0.19189390580066376,0.032023995113969535,5.945945945945946,0.962485790071997,0.9538615847542627,0.9547376274558568,6671,1619.7795999999998,6.8950850935219945,242.8091140758507,5.781292160095938,8.91200719532304,1.014058269611533,0.13509350504656262,0.0,125733,82.60111503015132,725.9812
demand_surge,baseline,3,11293,0.0,0.0,0.635880634021075,354.4098786299723,444.0,0.0,354.4098786299723,0.0,0.0,0.0,5059,1584.062,7.1093468094464445,313.1176121763194,12.465111682150622,11.679778612373987,1.0181924960743194,0.13157813899650392,0.0,622457,82.71170781658891,726.9531999999999
demand_surge,optimized,3,11293,0.9445674311520411,0.948197998760294,0.9489949526255202,0.0593953867108635,0.19189390580066376,0.031924661046247686,5.92,0.9480863963622584,0.9338014042126379,0.9452872419796071,6233,1528.2384,6.834789375528294,245.18504732873413,5.94432857372052,8.980266324402374,1.0178153221306276,0.1269882619959739,0.0,186116,82.60111503015132,725.9812
demand_surge,baseline,4,11293,0.0,0.0,0.8484902151775436,171.62261308864046,220.0,0.0,171.62261308864046,0.0,0.0,0.0,5548,1736.7715999999998,7.113485042104918,313.0446286950252,12.381218457101658,11.67393655371305,1.0161850271780437,0.14454776235470307,0.0,305934,82.71170781658891,726.9531999999999
demand_surge,optimized,4,11293,0.9655538829363323,0.967944744532011,0.9680332949614806,0.04880207767629065,0.19189390580066376,0.032052853370983986,6.571428571428571,0.9674118984463812,0.9648946840521565,0.963441929868192,6993,1685.8048,6.971061369810899,241.07032747032744,5.531960531960532,8.875303875303874,1.014947914797211,0.14047692309526572,0.0,88318,82.60111503015132,725.9812
truck_delay_heavy,baseline,0,8149,0.9754571113020002,0.9734936802061602,1.0,0.8596932324008528,3.7333093501003978,0.6988421734722077,7.2527185695198515,0.9742558326629123,0.9608695652173913,0.9835526315789473,6587,1618.2143999999998,8.6504535808026,245.6678913010475,4.534689540003036,9.028692879914985,0.8085176022982155,0.16927313512049907,0.0,201,82.71170781658891,726.9531999999999
truck_delay_heavy,optimized,0,8149,0.99717756779973,0.9975457111302001,1.0,0.7677782830915426,3.288541289640642,0.6843657553295999,30.2377870045501,0.9981228211316707,0.9905797101449275,0.9990131578947369,7031,1522.7651999999998,8.14317295814416,216.57875124448864,2.9960176361826196,8.170388280472194,0.8013180721201456,0.16071982895186993,0.0,125,82.60111503015132,725.9812
truck_delay_heavy,baseline,1,8149,0.9930052767210701,0.9950914222604,1.0,0.7464573386783341,3.288541289640642,0.6886687980515068,8.950402439595617,0.9943684633950121,0.9797101449275363,0.9973684210526316,6786,1642.31,8.783204890284143,242.01444149720012,4.176687297376953,8.876657824933687,0.7844252950889516,0.17707000653432742,0.0,57,82.71170781658891,726.9531999999999
truck_delay_heavy,optimized,1,8149,0.99889557000859,0.99901828445208,1.0,0.7147561798344997,3.11139662019391,0.6838725939073921,28.64724389612956,1.0,0.9942028985507246,0.999671052631579,7233,1545.6367999999998,8.274331233036579,213.69235448638184,2.81197290197705,8.088068574588691,0.7756307925446071,0.16853645814596976,0.0,46,82.60111503015132,725.9812
truck_delay_heavy,baseline,2,8149,0.9279666216713707,0.9290710516627807,1.0,1.3429577120504883,5.653321871379804,0.7177235497583595,9.397507516570212,0.9206221507106462,0.9340579710144927,0.9342105263157895,6136,1566.5803999999998,8.357457841416506,255.30971316818773,5.504563233376793,9.411016949152541,0.8556297778780695,0.15484894606752278,0.0,860,82.71170781658891,726.9531999999999
truck_delay_heavy,optimized,2,8149,0.99349613449503,0.9938642778255,1.0,1.0116738719561225,3.288541289640642,0.6855406875670398,50.8300561514658,0.9946366318047734,0.9891304347826086,0.9940789473684211,6713,1484.2632,7.922746634497337,221.10281543274246,3.2746908982571132,8.333085058841055,0.85293363824167,0.14717604669100362,0.0,459,82.60111503015132,725.9812
truck_delay_heavy,baseline,3,8149,0.8204687691741318,0.8174009080868818,1.0,2.8376563006164335,19.11139662019391,0.7811629000420213,12.235957651430184,0.7999463663180477,0.8014492753623188,0.8542763157894737,5577,1498.1044,7.986482567437893,268.6219114219114,7.059350905504751,9.936883629191321,0.8931037952448665,0.14186707037461582,0.0,2895,82.71170781658891,726.9531999999999
truck_delay_heavy,optimized,3,8149,0.9889557000859001,0.9894465578598601,1.0,2.29132438922834,3.452880963904576,0.6876578620706069,145.89075263771917,0.9890050951997854,0.9826086956521739,0.9917763157894737,6468,1453.0056,7.746884197056941,224.64526901669757,3.5851886209029065,8.41604823747681,0.8979256991445961,0.13685741806404148,0.0,2225,82.60111503015132,725.9812
truck_delay_heavy,baseline,4,8149,0.9590133758743404,0.9586452325438705,1.0,0.9677787480629799,4.0,0.7031056180386228,7.160654529920318,0.9603110753553231,0.9536231884057971,0.9598684210526316,6413,1596.2143999999998,8.52450947930574,248.90291595197255,4.883517854358335,9.156401060346171,0.8321861365367492,0.16222291597195743,0.0,355,82.71170781658891,726.9531999999999
truck_delay_heavy,optimized,4,8149,0.9950914222604,0.99521413670389,1.0,0.8949934233463799,3.288541289640642,0.6848816619533371,43.48990025175094,0.996781979082864,0.9876811594202899,0.9963815789473685,6896,1506.6527999999998,8.047757112181781,218.48213457076562,3.1276102088167055,8.226653132250581,0.8290749148164646,0.15369539797656262,0.0,285,82.60111503015132,725.9812
picker_shortage,baseline,0,8149,0.0,0.0,0.9137317462265309,149.07668728212352,184.0,0.0,149.07668728212352,0.0,0.0,0.0,4166,1299.0171999999998,7.199842592130714,311.8140182429188,12.032885261641862,11.637061929908786,1.0151104813159793,0.14430513381455287,0.0,195716,82.71170781658891,726.9531999999999
picker_shortage,optimized,0,8149,0.9607313780832004,0.9644128113879004,0.9698122469014603,5.3662884736014504,0.30003351647587906,0.04110075448617502,568.7567567567568,0.9595065701260391,0.9572463768115942,0.9638157894736842,5358,1278.5632,7.158768427948331,238.62695035460993,4.909854423292273,8.826427771556551,1.0153430273530784,0.1420004111747309,0.0,67976,82.60111503015132,725.9812
picker_shortage,baseline,1,8149,0.0,0.0,0.9255123328015707,138.7381588079494,172.0,0.0,138.7381588079494,0.0,0.0,0.0,4190,1306.6524,7.199940489638033,311.850214797136,12.001431980906922,11.641288782816229,1.0165239636828207,0.14495147588121682,0.0,182713,82.71170781658891,726.9531999999999
picker_shortage,optimized,1,8149,0.9635538102834703,0.9663762424837403,0.9744753957540803,7.469812090022951,0.30003351647587906,0.04098036256651354,662.876404494382,0.9616519174041298,0.9594202898550724,0.9677631578947369,5396,1287.2564,7.177142538540882,238.55752409191993,4.8741660489251295,8.829132690882135,1.0154736955415173,0.14294750316872407,0.0,64626,82.60111503015132,725.9812
picker_shortage,baseline,2,8149,0.0,0.0,0.7826727205792122,263.2618427946661,304.0,0.0,263.2618427946661,0.0,0.0,0.0,3908,1220.91,7.191002632772421,312.41299897645854,12.175281473899693,11.65711361310133,1.0177172040680373,0.1352809757703333,0.0,334544,82.71170781658891,726.9531999999999
picker_shortage,optimized,2,8149,0.9456375015339306,0.9514050803779605,0.9522640814823905,0.07894625555384562,0.30003351647587906,0.041019869474582714,5.491182017161251,0.9436846339501207,0.9449275362318841,0.9483552631578948,4918,1183.4832,7.038258697591436,240.6431882879219,5.2541683611224075,8.84810898739325,1.0151195409274516,0.13146952739598466,0.0,120842,82.60111503015132,725.9812
picker_shortage,baseline,3,8149,0.0,0.0,0.8215731991655418,231.3067699924585,268.0,0.0,231.3067699924585,0.0,0.0,0.0,3976,1241.984,7.191652480051882,312.3702213279678,12.11871227364185,11.65920523138833,1.0164223231431178,0.13779136384125276,0.0,296256,82.71170781658891,726.9531999999999
picker_shortage,optimized,3,8149,0.9489507915081605,0.9533685114738004,0.9547183703521904,0.07637104902489254,0.24805832761029403,0.04106642886081885,5.88510780921174,0.9466344864574953,0.9485507246376812,0.9519736842105263,5018,1204.7751999999998,7.069530213944534,240.090713431646,5.1638102829812675,8.858110801115982,1.0151170891426506,0.13383511377300483,0.0,105616,82.60111503015132,725.9812
picker_shortage,baseline,4,8149,0.11240643023683887,0.11559700576757885,1.0,39.66290133289342,80.0,0.03717530342556904,44.681173839874276,0.110485384821668,0.08550724637681159,0.12697368421052632,4551,1390.668,7.271162513463489,305.57415952537906,11.305207646671061,11.390903098220171,1.0044584226734623,0.1561247259332419,0.0,54410,82.71170781658891,726.9531999999999
picker_shortage,optimized,4,8149,0.9737391090931402,0.9755798257454903,1.0,15.870654858537623,0.53406946565335,0.04055629528406607,602.8418328931964,0.9734513274336283,0.9702898550724638,0.9756578947368421,5831,1379.592,7.285782185747331,236.5961241639513,4.602469559252272,8.784771051277653,1.0123729450059151,0.15367043805586522,0.0,28243,82.60111503015132,725.9812
