date,sku_id,demand
2023-01-02,SKU0001,0
2023-01-02,SKU0002,25
2023-01-02,SKU0003,0
2023-01-02,SKU0004,0
2023-01-02,SKU0005,36
2023-01-02,SKU0006,0
2023-01-02,SKU0007,24
2023-01-02,SKU0008,14
2023-01-02,SKU0009,4
2023-01-02,SKU0010,0
2023-01-02,SKU0011,31
2023-01-02,SKU0012,13
2023-01-02,SKU0013,0
2023-01-02,SKU0014,10
2023-01-02,SKU0015,0
2023-01-02,SKU0016,0
2023-01-02,SKU0017,0
2023-01-02,SKU0018,51
2023-01-02,SKU0019,31
2023-01-02,SKU0020,0
2023-01-02,SKU0021,4
2023-01-02,SKU0022,0
2023-01-02,SKU0023,3
2023-01-02,SKU0024,0
2023-01-02,SKU0025,0
2023-01-02,SKU0026,2
2023-01-02,SKU0027,0
2023-01-02,SKU0028,2
2023-01-02,SKU0029,0
2023-01-02,SKU0030,0
2023-01-02,SKU0031,48
2023-01-02,SKU0032,0
2023-01-02,SKU0033,0
2023-01-02,SKU0034,6
2023-01-02,SKU0035,1
2023-01-02,SKU0036,30
2023-01-02,SKU0037,13
2023-01-02,SKU0038,30
2023-01-02,SKU0039,0
2023-01-02,SKU0040,0
2023-01-02,SKU0041,0
2023-01-02,SKU0042,61
2023-01-02,SKU0043,1
2023-01-02,SKU0044,0
2023-01-02,SKU0045,0
2023-01-02,SKU0046,0
2023-01-02,SKU0047,89
2023-01-02,SKU0048,0
2023-01-02,SKU0049,0
2023-01-02,SKU0050,0
2023-01-02,SKU0051,26
2023-01-02,SKU0052,0
2023-01-02,SKU0053,0
2023-01-02,SKU0054,0
2023-01-02,SKU0055,2
2023-01-02,SKU0056,4
2023-01-02,SKU0057,0
2023-01-02,SKU0058,0
2023-01-02,SKU0059,0
2023-01-02,SKU0060,25
2023-01-02,SKU0061,13
2023-01-02,SKU0062,0
2023-01-02,SKU0063,0
2023-01-02,SKU0064,0
2023-01-02,SKU0065,0
2023-01-02,SKU0066,8
2023-01-02,SKU0067,0
2023-01-02,SKU0068,0
2023-01-02,SKU0069,0
2023-01-02,SKU0070,0
2023-01-02,SKU0071,0
2023-01-02,SKU0072,0
2023-01-02,SKU0073,3
2023-01-02,SKU0074,0
2023-01-02,SKU0075,0
2023-01-02,SKU0076,0
2023-01-02,SKU0077,2
2023-01-02,SKU0078,36
2023-01-02,SKU0079,0
2023-01-02,SKU0080,6
2023-01-02,SKU0081,2
2023-01-02,SKU0082,10
2023-01-02,SKU0083,0
2023-01-02,SKU0084,0
2023-01-02,SKU0085,41
2023-01-02,SKU0086,12
2023-01-02,SKU0087,30
2023-01-02,SKU0088,0
2023-01-02,SKU0089,3
2023-01-02,SKU0090,0
2023-01-02,SKU0091,3
2023-01-02,SKU0092,0
2023-01-02,SKU0093,0
2023-01-02,SKU0094,1
2023-01-02,SKU0095,13
2023-01-02,SKU0096,0
2023-01-02,SKU0097,0
2023-01-02,SKU0098,0
2023-01-02,SKU0099,0
2023-01-02,SKU0100,24
2023-01-02,SKU0101,1
2023-01-02,SKU0102,4
2023-01-02,SKU0103,0
2023-01-02,SKU0104,0
2023-01-02,SKU0105,0
2023-01-02,SKU0106,0
2023-01-02,SKU0107,0
2023-01-02,SKU0108,1
2023-01-02,SKU0109,0
2023-01-02,SKU0110,0
2023-01-02,SKU0111,0
2023-01-02,SKU0112,23
2023-01-02,SKU0113,14
2023-01-02,SKU0114,0
2023-01-02,SKU0115,13
2023-01-02,SKU0116,0
2023-01-02,SKU0117,0
2023-01-02,SKU0118,0
2023-01-02,SKU0119,43
2023-01-02,SKU0120,36
2023-01-02,SKU0121,1
2023-01-02,SKU0122,4
2023-01-02,SKU0123,0
2023-01-02,SKU0124,16
2023-01-02,SKU0125,4
2023-01-02,SKU0126,0
2023-01-02,SKU0127,40
2023-01-02,SKU0128,0
2023-01-02,SKU0129,0
2023-01-02,SKU0130,19
2023-01-02,SKU0131,0
2023-01-02,SKU0132,0
2023-01-02,SKU0133,73
2023-01-02,SKU0134,0
2023-01-02,SKU0135,0
2023-01-02,SKU0136,0
2023-01-02,SKU0137,48
2023-01-02,SKU0138,4
2023-01-02,SKU0139,6
2023-01-02,SKU0140,0
2023-01-02,SKU0141,0
2023-01-02,SKU0142,6
2023-01-02,SKU0143,19
2023-01-02,SKU0144,0
2023-01-02,SKU0145,0
2023-01-02,SKU0146,0
2023-01-02,SKU0147,0
2023-01-02,SKU0148,0
2023-01-02,SKU0149,6
2023-01-02,SKU0150,0
2023-01-02,SKU0151,19
2023-01-02,SKU0152,0
2023-01-02,SKU0153,0
2023-01-02,SKU0154,0
2023-01-02,SKU0155,0
2023-01-02,SKU0156,2
2023-01-02,SKU0157,54
2023-01-02,SKU0158,20
2023-01-02,SKU0159,0
2023-01-02,SKU0160,0
2023-01-02,SKU0161,69
2023-01-02,SKU0162,0
2023-01-02,SKU0163,10
2023-01-02,SKU0164,4
2023-01-02,SKU0165,0
2023-01-02,SKU0166,48
2023-01-02,SKU0167,0
2023-01-02,SKU0168,0
2023-01-02,SKU0169,31
2023-01-02,SKU0170,3
2023-01-02,SKU0171,0
2023-01-02,SKU0172,12
2023-01-02,SKU0173,0
2023-01-02,SKU0174,0
2023-01-02,SKU0175,27
2023-01-02,SKU0176,0
2023-01-02,SKU0177,14
2023-01-02,SKU0178,11
2023-01-02,SKU0179,6
2023-01-02,SKU0180,0
2023-01-02,SKU0181,0
2023-01-02,SKU0182,0
2023-01-02,SKU0183,0
2023-01-02,SKU0184,0
2023-01-02,SKU0185,0
2023-01-02,SKU0186,10
2023-01-02,SKU0187,0
2023-01-02,SKU0188,0
2023-01-02,SKU0189,13
2023-01-02,SKU0190,11
2023-01-02,SKU0191,0
2023-01-02,SKU0192,0
2023-01-02,SKU0193,1
2023-01-02,SKU0194,0
2023-01-02,SKU0195,0
2023-01-02,SKU0196,0
2023-01-02,SKU0197,3
2023-01-02,SKU0198,6
2023-01-02,SKU0199,0
2023-01-02,SKU0200,4
2023-01-02,SKU0201,0
2023-01-02,SKU0202,0
2023-01-02,SKU0203,0
2023-01-02,SKU0204,0
2023-01-02,SKU0205,0
2023-01-02,SKU0206,0
2023-01-02,SKU0207,0
2023-01-02,SKU0208,7
2023-01-02,SKU0209,0
2023-01-02,SKU0210,0
2023-01-02,SKU0211,5
2023-01-02,SKU0212,0
2023-01-02,SKU0213,0
2023-01-02,SKU0214,6
2023-01-02,SKU0215,0
2023-01-02,SKU0216,0
2023-01-02,SKU0217,0
2023-01-02,SKU0218,16
2023-01-02,SKU0219,0
2023-01-02,SKU0220,145
2023-01-02,SKU0221,0
2023-01-02,SKU0222,0
2023-01-02,SKU0223,60
2023-01-02,SKU0224,0
2023-01-02,SKU0225,2
2023-01-02,SKU0226,0
2023-01-02,SKU0227,0
2023-01-02,SKU0228,0
2023-01-02,SKU0229,0
2023-01-02,SKU0230,38
2023-01-02,SKU0231,1
2023-01-02,SKU0232,6
2023-01-02,SKU0233,0
2023-01-02,SKU0234,0
2023-01-02,SKU0235,0
2023-01-02,SKU0236,1
2023-01-02,SKU0237,0
2023-01-02,SKU0238,0
2023-01-02,SKU0239,1
2023-01-02,SKU0240,12
2023-01-02,SKU0241,0
2023-01-02,SKU0242,0
2023-01-02,SKU0243,2
2023-01-02,SKU0244,1
2023-01-02,SKU0245,0
2023-01-02,SKU0246,2
2023-01-02,SKU0247,98
2023-01-02,SKU0248,0
2023-01-02,SKU0249,0
2023-01-02,SKU0250,1
2023-01-02,SKU0251,144
2023-01-02,SKU0252,0
2023-01-02,SKU0253,0
2023-01-02,SKU0254,27
2023-01-02,SKU0255,0
2023-01-02,SKU0256,0
2023-01-02,SKU0257,0
2023-01-02,SKU0258,0
2023-01-02,SKU0259,10
2023-01-02,SKU0260,0
2023-01-02,SKU0261,6
2023-01-02,SKU0262,0
2023-01-02,SKU0263,2
2023-01-02,SKU0264,15
2023-01-02,SKU0265,0
2023-01-02,SKU0266,0
2023-01-02,SKU0267,0
2023-01-02,SKU0268,0
2023-01-02,SKU0269,546
2023-01-02,SKU0270,0
2023-01-02,SKU0271,2
2023-01-02,SKU0272,120
2023-01-02,SKU0273,3
2023-01-02,SKU0274,12
2023-01-02,SKU0275,0
2023-01-02,SKU0276,3
2023-01-02,SKU0277,1
2023-01-02,SKU0278,0
2023-01-02,SKU0279,0
2023-01-02,SKU0280,0
2023-01-02,SKU0281,91
2023-01-02,SKU0282,0
2023-01-02,SKU0283,0
2023-01-02,SKU0284,31
2023-01-02,SKU0285,0
2023-01-02,SKU0286,0
2023-01-02,SKU0287,0
2023-01-02,SKU0288,0
2023-01-02,SKU0289,12
2023-01-02,SKU0290,123
2023-01-02,SKU0291,5
2023-01-02,SKU0292,48
2023-01-02,SKU0293,0
2023-01-02,SKU0294,0
2023-01-02,SKU0295,0
2023-01-02,SKU0296,0
2023-01-02,SKU0297,1
2023-01-02,SKU0298,0
2023-01-02,SKU0299,1
2023-01-02,SKU0300,0
2023-01-02,SKU0301,0
2023-01-02,SKU0302,5
2023-01-02,SKU0303,27
2023-01-02,SKU0304,0
2023-01-02,SKU0305,85
2023-01-02,SKU0306,0
2023-01-02,SKU0307,0
2023-01-02,SKU0308,11
2023-01-02,SKU0309,0
2023-01-02,SKU0310,1
2023-01-02,SKU0311,12
2023-01-02,SKU0312,20
2023-01-02,SKU0313,148
2023-01-02,SKU0314,98
2023-01-02,SKU0315,14
2023-01-02,SKU0316,0
2023-01-02,SKU0317,23
2023-01-02,SKU0318,0
2023-01-02,SKU0319,0
2023-01-02,SKU0320,0
2023-01-02,SKU0321,18
2023-01-02,SKU0322,12
2023-01-02,SKU0323,8
2023-01-02,SKU0324,42
2023-01-02,SKU0325,0
2023-01-02,SKU0326,6
2023-01-02,SKU0327,0
2023-01-02,SKU0328,6
2023-01-02,SKU0329,0
2023-01-02,SKU0330,0
2023-01-02,SKU0331,27
2023-01-02,SKU0332,0
2023-01-02,SKU0333,0
2023-01-02,SKU0334,75
2023-01-02,SKU0335,0
2023-01-02,SKU0336,0
2023-01-02,SKU0337,6
2023-01-02,SKU0338,0
2023-01-02,SKU0339,28
2023-01-02,SKU0340,0
2023-01-02,SKU0341,13
2023-01-02,SKU0342,4
2023-01-02,SKU0343,2
2023-01-02,SKU0344,167
2023-01-02,SKU0345,0
2023-01-02,SKU0346,0
2023-01-02,SKU0347,0
2023-01-02,SKU0348,0
2023-01-02,SKU0349,0
2023-01-02,SKU0350,0
2023-01-02,SKU0351,0
2023-01-02,SKU0352,51
2023-01-02,SKU0353,0
2023-01-02,SKU0354,0
2023-01-02,SKU0355,0
2023-01-02,SKU0356,1
2023-01-02,SKU0357,0
2023-01-02,SKU0358,12
2023-01-02,SKU0359,12
2023-01-02,SKU0360,41
2023-01-02,SKU0361,3
2023-01-02,SKU0362,9
2023-01-02,SKU0363,6
2023-01-02,SKU0364,0
2023-01-02,SKU0365,114
2023-01-02,SKU0366,12
2023-01-02,SKU0367,0
2023-01-02,SKU0368,0
2023-01-02,SKU0369,5
2023-01-02,SKU0370,0
2023-01-02,SKU0371,3
2023-01-02,SKU0372,0
2023-01-02,SKU0373,0
2023-01-02,SKU0374,0
2023-01-02,SKU0375,0
2023-01-02,SKU0376,0
2023-01-02,SKU0377,12
2023-01-02,SKU0378,24
2023-01-02,SKU0379,0
2023-01-02,SKU0380,0
2023-01-02,SKU0381,1
2023-01-02,SKU0382,0
2023-01-02,SKU0383,0
2023-01-02,SKU0384,0
2023-01-02,SKU0385,0
2023-01-02,SKU0386,0
2023-01-02,SKU0387,0
2023-01-02,SKU0388,0
2023-01-02,SKU0389,0
2023-01-02,SKU0390,0
2023-01-02,SKU0391,0
2023-01-02,SKU0392,0
2023-01-02,SKU0393,0
2023-01-02,SKU0394,1
2023-01-02,SKU0395,0
2023-01-02,SKU0396,48
2023-01-02,SKU0397,1
2023-01-02,SKU0398,0
2023-01-02,SKU0399,0
2023-01-02,SKU0400,0
2023-01-02,SKU0401,0
2023-01-02,SKU0402,0
2023-01-02,SKU0403,0
2023-01-02,SKU0404,6
2023-01-02,SKU0405,0
2023-01-02,SKU0406,426
2023-01-02,SKU0407,25
2023-01-02,SKU0408,0
2023-01-02,SKU0409,0
2023-01-02,SKU0410,0
2023-01-02,SKU0411,0
2023-01-02,SKU0412,0
2023-01-02,SKU0413,0
2023-01-02,SKU0414,17
2023-01-02,SKU0415,2
2023-01-02,SKU0416,0
2023-01-02,SKU0417,10
2023-01-02,SKU0418,0
2023-01-02,SKU0419,0
2023-01-02,SKU0420,0
2023-01-02,SKU0421,0
2023-01-02,SKU0422,0
2023-01-02,SKU0423,59
2023-01-02,SKU0424,5
2023-01-02,SKU0425,18
2023-01-02,SKU0426,0
2023-01-02,SKU0427,2
2023-01-02,SKU0428,480
2023-01-02,SKU0429,2
2023-01-02,SKU0430,1
2023-01-02,SKU0431,0
2023-01-02,SKU0432,6
2023-01-02,SKU0433,0
2023-01-02,SKU0434,32
2023-01-02,SKU0435,0
2023-01-02,SKU0436,12
2023-01-02,SKU0437,0
2023-01-02,SKU0438,0
2023-01-02,SKU0439,22
2023-01-02,SKU0440,0
2023-01-02,SKU0441,0
2023-01-02,SKU0442,0
2023-01-02,SKU0443,2
2023-01-02,SKU0444,31
2023-01-02,SKU0445,2
2023-01-02,SKU0446,0
2023-01-02,SKU0447,0
2023-01-02,SKU0448,0
2023-01-02,SKU0449,0
2023-01-02,SKU0450,148
2023-01-02,SKU0451,0
2023-01-02,SKU0452,0
2023-01-02,SKU0453,0
2023-01-02,SKU0454,0
2023-01-02,SKU0455,0
2023-01-02,SKU0456,0
2023-01-02,SKU0457,0
2023-01-02,SKU0458,46
2023-01-02,SKU0459,0
2023-01-02,SKU0460,0
2023-01-02,SKU0461,0
2023-01-02,SKU0462,0
2023-01-02,SKU0463,0
2023-01-02,SKU0464,1
2023-01-02,SKU0465,72
2023-01-02,SKU0466,0
2023-01-02,SKU0467,0
2023-01-02,SKU0468,72
2023-01-02,SKU0469,0
2023-01-02,SKU0470,0
2023-01-02,SKU0471,0
2023-01-02,SKU0472,1
2023-01-02,SKU0473,0
2023-01-02,SKU0474,1
2023-01-02,SKU0475,0
2023-01-02,SKU0476,0
2023-01-02,SKU0477,0
2023-01-02,SKU0478,19
2023-01-02,SKU0479,127
2023-01-02,SKU0480,12
2023-01-02,SKU0481,2
2023-01-02,SKU0482,0
2023-01-02,SKU0483,0
2023-01-02,SKU0484,0
2023-01-02,SKU0485,0
2023-01-02,SKU0486,0
2023-01-02,SKU0487,0
2023-01-02,SKU0488,0
2023-01-02,SKU0489,3
2023-01-02,SKU0490,0
2023-01-02,SKU0491,0
2023-01-02,SKU0492,0
2023-01-02,SKU0493,3
2023-01-02,SKU0494,2
2023-01-02,SKU0495,1
2023-01-02,SKU0496,0
2023-01-02,SKU0497,0
2023-01-02,SKU0498,1
2023-01-02,SKU0499,2
2023-01-02,SKU0500,0
