order_id,day,created_h,service_level,n_lines,total_units,total_volume_l,total_weight_kg,express_score,truck_idx,truck_id,truck_departure_h,deadline_h,slack_at_creation_h
ORD0000000,431,10352.092125885418,NEXT_DAY,5,67.0,116.76,346.51000000000005,1.0,1727,TRK1727,10366.0,10365.5,13.407874114582228
ORD0000001,431,10345.579697604599,STANDARD,13,77.0,160.7,297.35999999999996,1.1538461538461537,1728,TRK1728,10378.0,10377.5,31.92030239540145
ORD0000002,431,10351.851562493579,STANDARD,9,47.0,82.10000000000001,163.70999999999998,1.0,1729,TRK1729,10382.0,10381.5,29.648437506421033
ORD0000003,431,10363.950775105053,STANDARD,11,60.0,42.38999999999999,446.53,1.1818181818181819,1732,TRK1732,10402.0,10401.5,37.54922489494675
ORD0000004,431,10353.734825229636,STANDARD,20,158.0,275.24,694.59,1.1428571428571428,1730,TRK1730,10386.0,10385.5,31.765174770363956
ORD0000005,431,10349.98354913441,STANDARD,3,4.0,12.21,2.61,1.3333333333333333,1729,TRK1729,10382.0,10381.5,31.51645086559074
ORD0000006,431,10353.459965295486,NEXT_DAY,2,26.0,94.48,443.52,1.0,1727,TRK1727,10366.0,10365.5,12.040034704514255
ORD0000007,431,10353.42048732548,NEXT_DAY,50,315.0,606.92,1193.43,1.3076923076923077,1727,TRK1727,10366.0,10365.5,12.07951267451972
ORD0000008,431,10358.208113243363,SAME_DAY,25,242.0,486.52000000000004,1106.86,1.24,1726,TRK1726,10362.0,10361.5,3.2918867566368135
ORD0000009,431,10356.238079920979,STANDARD,13,41.0,86.36,191.51000000000002,1.3846153846153846,1731,TRK1731,10390.0,10389.5,33.261920079021365
ORD0000010,431,10359.714461894146,STANDARD,1,20.0,12.0,2.6,1.0,1731,TRK1731,10390.0,10389.5,29.785538105854357
ORD0000011,431,10352.482174833553,STANDARD,29,283.0,707.3299999999999,1179.3799999999999,1.2758620689655173,1730,TRK1730,10386.0,10385.5,33.01782516644744
ORD0000012,431,10360.626337482689,STANDARD,42,459.0,676.6499999999997,2627.27,1.2340425531914894,1732,TRK1732,10402.0,10401.5,40.87366251731146
ORD0000013,431,10361.961607308009,SAME_DAY,55,461.0,807.8699999999999,2688.79,1.3392857142857142,1727,TRK1727,10366.0,10365.5,3.5383926919912483
ORD0000014,431,10353.594644525778,SAME_DAY,16,128.0,162.69,251.12000000000003,1.2352941176470589,1725,TRK1725,10358.0,10357.5,3.905355474222233
ORD0000015,431,10361.712625750284,STANDARD,26,311.0,823.3300000000002,2453.2099999999996,1.3448275862068966,1732,TRK1732,10402.0,10401.5,39.78737424971587
ORD0000016,431,10354.654522644887,STANDARD,8,233.0,991.9900000000001,5032.610000000001,1.25,1730,TRK1730,10386.0,10385.5,30.845477355112962
ORD0000017,431,10353.529213388607,STANDARD,27,240.0,470.37000000000006,2346.64,1.0714285714285714,1730,TRK1730,10386.0,10385.5,31.970786611393123
ORD0000018,431,10353.341876608862,NEXT_DAY,8,40.0,154.27999999999997,56.25,1.5,1727,TRK1727,10366.0,10365.5,12.15812339113836
ORD0000019,431,10366.11246029719,SAME_DAY,15,174.0,648.7300000000001,1079.84,1.3333333333333333,1728,TRK1728,10378.0,10377.5,11.38753970280959
ORD0000020,431,10364.02772035772,NEXT_DAY,1,12.0,83.16,167.76,1.0,1728,TRK1728,10378.0,10377.5,13.472279642279318
ORD0000021,431,10357.5245821683,STANDARD,29,452.0,2014.3600000000001,1015.11,1.3103448275862069,1731,TRK1731,10390.0,10389.5,31.975417831699815
ORD0000022,431,10352.686519911073,NEXT_DAY,11,77.0,72.85,348.7300000000001,1.4545454545454546,1727,TRK1727,10366.0,10365.5,12.813480088927463
ORD0000023,431,10358.030925306719,STANDARD,10,57.0,121.1,250.27,1.1818181818181819,1731,TRK1731,10390.0,10389.5,31.469074693281073
ORD0000024,431,10352.333216208019,SAME_DAY,8,81.0,253.97000000000003,282.5,1.125,1724,TRK1724,10354.0,10353.5,1.1667837919812882
ORD0000025,431,10360.923875167031,SAME_DAY,32,333.0,815.9099999999999,1730.92,1.3823529411764706,1727,TRK1727,10366.0,10365.5,4.576124832969072
ORD0000026,431,10351.109790345645,NEXT_DAY,9,44.0,55.4,201.69,1.2222222222222223,1727,TRK1727,10366.0,10365.5,14.390209654355203
ORD0000027,431,10351.07598264489,STANDARD,15,149.0,248.24,329.78000000000003,1.3333333333333333,1729,TRK1729,10382.0,10381.5,30.424017355109754
ORD0000028,431,10356.336497394626,NEXT_DAY,33,505.0,873.4200000000002,1081.2900000000002,1.3333333333333333,1728,TRK1728,10378.0,10377.5,21.16350260537365
ORD0000029,431,10353.60982943605,STANDARD,50,423.0,1513.04,1777.4499999999998,1.1886792452830188,1730,TRK1730,10386.0,10385.5,31.89017056394914
ORD0000030,431,10353.981907584848,STANDARD,16,319.0,1078.7899999999997,4517.59,1.3125,1730,TRK1730,10386.0,10385.5,31.51809241515184
ORD0000031,431,10355.063851944526,SAME_DAY,2,6.0,15.04,3.6799999999999997,1.5,1725,TRK1725,10358.0,10357.5,2.436148055474405
ORD0000032,431,10358.273759179101,STANDARD,28,162.0,375.84000000000003,1098.37,1.3214285714285714,1731,TRK1731,10390.0,10389.5,31.226240820898965
ORD0000033,431,10367.75897849802,STANDARD,25,326.0,385.44999999999993,1509.0,1.28,1732,TRK1732,10402.0,10401.5,33.74102150198087
ORD0000034,431,10355.719903285648,NEXT_DAY,8,91.0,208.42,940.94,1.125,1728,TRK1728,10378.0,10377.5,21.780096714352112
ORD0000035,431,10358.73503310139,SAME_DAY,19,155.0,254.82000000000002,720.3900000000001,1.25,1726,TRK1726,10362.0,10361.5,2.76496689861051
ORD0000036,431,10354.175339795846,SAME_DAY,7,27.0,44.16,217.37,1.4285714285714286,1725,TRK1725,10358.0,10357.5,3.3246602041544975
ORD0000037,431,10356.486117260974,SAME_DAY,108,1260.0,1903.2300000000005,4417.64,1.3206106870229009,1725,TRK1725,10358.0,10357.5,1.0138827390255756
ORD0000038,431,10358.609547032034,NEXT_DAY,34,400.0,1241.0900000000001,1386.6699999999996,1.2058823529411764,1728,TRK1728,10378.0,10377.5,18.890452967965757
ORD0000039,431,10359.344119727155,NEXT_DAY,15,371.0,1332.0500000000002,1595.8399999999997,1.3529411764705883,1728,TRK1728,10378.0,10377.5,18.155880272845025
ORD0000040,431,10345.456480975572,NEXT_DAY,48,505.0,963.3500000000001,2035.7799999999995,1.3584905660377358,1725,TRK1725,10358.0,10357.5,12.043519024427951
ORD0000041,431,10355.109406722466,SAME_DAY,1,1.0,0.48,3.35,2.0,1725,TRK1725,10358.0,10357.5,2.390593277534208
ORD0000042,431,10355.519375625287,NEXT_DAY,18,87.0,202.05999999999997,346.65999999999997,1.2222222222222223,1728,TRK1728,10378.0,10377.5,21.980624374713443
ORD0000043,431,10359.391085168641,NEXT_DAY,35,534.0,1730.93,1457.3499999999997,1.2820512820512822,1728,TRK1728,10378.0,10377.5,18.10891483135856
ORD0000044,431,10360.015544664968,NEXT_DAY,11,31.0,44.39,201.92000000000002,1.1818181818181819,1728,TRK1728,10378.0,10377.5,17.48445533503218
ORD0000045,431,10355.107142349108,NEXT_DAY,6,62.0,171.78,251.71,1.0,1728,TRK1728,10378.0,10377.5,22.39285765089153
ORD0000046,431,10357.703795042175,NEXT_DAY,13,71.0,227.29,159.49999999999997,1.3076923076923077,1728,TRK1728,10378.0,10377.5,19.796204957825466
ORD0000047,431,10365.851881799677,SAME_DAY,17,107.0,150.9,168.72999999999996,1.2941176470588236,1728,TRK1728,10378.0,10377.5,11.648118200322642
ORD0000048,431,10362.608806758055,NEXT_DAY,18,332.0,1312.52,806.2500000000001,1.2777777777777777,1728,TRK1728,10378.0,10377.5,14.891193241945075
ORD0000049,431,10358.53957617526,STANDARD,5,6.0,12.46,22.82,1.4,1731,TRK1731,10390.0,10389.5,30.960423824739337
ORD0000050,431,10359.23986903773,STANDARD,11,58.0,97.36000000000001,524.26,1.1818181818181819,1731,TRK1731,10390.0,10389.5,30.260130962269614
ORD0000051,431,10357.228604613649,STANDARD,30,515.0,607.2600000000002,1006.4000000000001,1.2941176470588236,1731,TRK1731,10390.0,10389.5,32.27139538635129
ORD0000052,431,10357.41681886517,STANDARD,7,490.0,648.75,3999.4099999999994,1.4285714285714286,1731,TRK1731,10390.0,10389.5,32.08318113483074
ORD0000053,431,10351.375447698687,NEXT_DAY,22,210.0,386.95000000000005,1683.12,1.2173913043478262,1727,TRK1727,10366.0,10365.5,14.124552301313088
ORD0000054,431,10366.122077332047,NEXT_DAY,33,260.0,523.17,1107.6100000000001,1.3888888888888888,1729,TRK1729,10382.0,10381.5,15.377922667952589
ORD0000055,431,10354.52999433732,SAME_DAY,1,48.0,10.08,96.96000000000001,1.0,1725,TRK1725,10358.0,10357.5,2.9700056626807054
ORD0000056,431,10362.231434301711,STANDARD,22,150.0,286.95,930.5500000000001,1.2083333333333333,1732,TRK1732,10402.0,10401.5,39.26856569828851
ORD0000057,431,10358.394688563569,NEXT_DAY,22,164.0,222.22,607.66,1.2727272727272727,1728,TRK1728,10378.0,10377.5,19.105311436431293
ORD0000058,431,10366.328075501997,STANDARD,13,162.0,347.49999999999994,461.95,1.4615384615384615,1732,TRK1732,10402.0,10401.5,35.171924498003136
ORD0000059,431,10357.00362834127,STANDARD,13,173.0,107.22999999999998,734.1099999999999,1.2307692307692308,1731,TRK1731,10390.0,10389.5,32.49637165872991
ORD0000060,431,10355.17877871722,STANDARD,5,31.0,100.32,150.56,1.2,1730,TRK1730,10386.0,10385.5,30.321221282780243
ORD0000061,431,10353.018013614172,STANDARD,36,339.0,389.1299999999999,1361.8200000000002,1.4054054054054055,1730,TRK1730,10386.0,10385.5,32.48198638582835
ORD0000062,431,10357.949651017943,NEXT_DAY,6,56.0,114.28999999999999,529.69,1.1666666666666667,1728,TRK1728,10378.0,10377.5,19.550348982056676
ORD0000063,431,10355.50978348038,STANDARD,8,45.0,47.23,285.16,1.25,1730,TRK1730,10386.0,10385.5,29.990216519619935
ORD0000064,431,10354.719215440833,NEXT_DAY,30,280.0,415.9900000000001,794.9799999999999,1.46875,1728,TRK1728,10378.0,10377.5,22.780784559166932
ORD0000065,431,10358.685549487793,NEXT_DAY,16,110.0,250.66000000000003,214.93999999999997,1.0588235294117647,1728,TRK1728,10378.0,10377.5,18.81445051220726
ORD0000066,431,10357.011837988477,NEXT_DAY,49,321.0,721.49,2028.26,1.2407407407407407,1728,TRK1728,10378.0,10377.5,20.488162011522945
ORD0000067,431,10356.547296992228,STANDARD,7,132.0,189.84999999999997,383.58,1.5714285714285714,1731,TRK1731,10390.0,10389.5,32.95270300777156
ORD0000068,431,10360.113861817592,NEXT_DAY,6,58.0,253.35999999999999,902.3999999999999,1.5,1728,TRK1728,10378.0,10377.5,17.386138182408104
ORD0000069,431,10366.88574870658,SAME_DAY,68,528.0,1389.22,2105.0299999999997,1.289855072463768,1728,TRK1728,10378.0,10377.5,10.614251293420239
ORD0000070,431,10364.487318183254,NEXT_DAY,192,2852.0,5666.650000000004,13184.570000000003,1.3093220338983051,1728,TRK1728,10378.0,10377.5,13.012681816746408
ORD0000071,431,10361.583160995559,NEXT_DAY,2,13.0,63.699999999999996,3.93,1.0,1728,TRK1728,10378.0,10377.5,15.9168390044415
ORD0000072,431,10354.88392725294,STANDARD,26,170.0,226.34,269.12999999999994,1.1153846153846154,1730,TRK1730,10386.0,10385.5,30.61607274705966
ORD0000073,431,10362.488872520376,NEXT_DAY,45,571.0,943.8900000000001,1804.7099999999996,1.2391304347826086,1728,TRK1728,10378.0,10377.5,15.01112747962361
ORD0000074,431,10354.30888157744,SAME_DAY,8,67.0,92.47000000000001,155.24,1.3333333333333333,1725,TRK1725,10358.0,10357.5,3.191118422559157
ORD0000075,431,10353.041579516888,STANDARD,20,125.0,309.16999999999996,581.81,1.2,1730,TRK1730,10386.0,10385.5,32.458420483111695
ORD0000076,431,10351.772933782151,SAME_DAY,56,559.0,1976.9300000000003,2862.5900000000006,1.1929824561403508,1724,TRK1724,10354.0,10353.5,1.7270662178489147
ORD0000077,431,10354.434767960436,NEXT_DAY,8,159.0,218.01999999999998,220.68,1.25,1728,TRK1728,10378.0,10377.5,23.065232039563853
ORD0000078,431,10353.855995492399,NEXT_DAY,21,153.0,179.94,564.7199999999999,1.2857142857142858,1727,TRK1727,10366.0,10365.5,11.644004507601494
ORD0000079,431,10351.754280044885,STANDARD,49,466.0,865.03,2550.829999999999,1.26,1729,TRK1729,10382.0,10381.5,29.74571995511542
ORD0000080,431,10364.896080154895,SAME_DAY,7,74.0,78.69999999999999,369.8599999999999,1.4285714285714286,1728,TRK1728,10378.0,10377.5,12.603919845105338
ORD0000081,431,10358.012929740322,SAME_DAY,1,6.0,1.32,33.900000000000006,1.0,1726,TRK1726,10362.0,10361.5,3.4870702596781484
ORD0000082,431,10352.707830401016,NEXT_DAY,11,54.0,118.38999999999999,226.54,1.0909090909090908,1727,TRK1727,10366.0,10365.5,12.792169598984401
ORD0000083,431,10354.857390349918,STANDARD,54,435.0,1155.62,2946.56,1.3333333333333333,1730,TRK1730,10386.0,10385.5,30.642609650081795
ORD0000084,431,10356.11366582945,STANDARD,2,9.0,30.240000000000002,119.85000000000001,1.0,1731,TRK1731,10390.0,10389.5,33.38633417054916
ORD0000085,431,10362.448945431039,NEXT_DAY,11,34.0,122.00999999999999,258.75,1.2727272727272727,1728,TRK1728,10378.0,10377.5,15.051054568961263
ORD0000086,431,10360.230398244355,NEXT_DAY,17,180.0,168.02,470.54999999999995,1.1578947368421053,1728,TRK1728,10378.0,10377.5,17.269601755644544
ORD0000087,431,10354.05235522921,NEXT_DAY,21,127.0,288.17,486.1599999999999,1.4090909090909092,1728,TRK1728,10378.0,10377.5,23.44764477078934
ORD0000088,431,10356.746491587624,NEXT_DAY,12,250.0,276.09999999999997,2592.58,1.1666666666666667,1728,TRK1728,10378.0,10377.5,20.753508412375595
ORD0000089,431,10354.674084451812,STANDARD,16,128.0,502.61,358.48,1.1176470588235294,1730,TRK1730,10386.0,10385.5,30.825915548188277
ORD0000090,431,10358.475653142184,NEXT_DAY,34,724.0,1531.3200000000002,1059.5800000000002,1.3333333333333333,1728,TRK1728,10378.0,10377.5,19.024346857815544
ORD0000091,431,10360.334678582945,STANDARD,21,178.0,335.3,451.7600000000001,1.434782608695652,1732,TRK1732,10402.0,10401.5,41.165321417054656
ORD0000092,431,10361.419568315314,SAME_DAY,25,179.0,483.8,427.31999999999994,1.28,1727,TRK1727,10366.0,10365.5,4.080431684686118
ORD0000093,431,10359.546585510187,NEXT_DAY,34,217.0,389.1899999999999,797.1899999999998,1.3783783783783783,1728,TRK1728,10378.0,10377.5,17.95341448981344
ORD0000094,431,10353.77949260609,NEXT_DAY,14,221.0,418.20000000000005,360.46,1.4,1727,TRK1727,10366.0,10365.5,11.720507393909429
ORD0000095,431,10359.23023102757,NEXT_DAY,13,129.0,547.9300000000001,734.1300000000002,1.1538461538461537,1728,TRK1728,10378.0,10377.5,18.26976897243003
ORD0000096,431,10358.468665286888,SAME_DAY,2,11.0,3.4000000000000004,81.47,2.0,1726,TRK1726,10362.0,10361.5,3.031334713112301
ORD0000097,431,10357.608489648072,STANDARD,44,267.0,717.86,1492.8300000000004,1.3043478260869565,1731,TRK1731,10390.0,10389.5,31.891510351928446
ORD0000098,431,10358.608370886981,NEXT_DAY,32,229.0,378.96000000000004,1074.3400000000001,1.3636363636363635,1728,TRK1728,10378.0,10377.5,18.891629113019007
ORD0000099,431,10359.177637597206,NEXT_DAY,28,423.0,542.3199999999999,1887.6800000000005,1.2758620689655173,1728,TRK1728,10378.0,10377.5,18.32236240279417
ORD0000100,431,10358.462275144493,STANDARD,42,772.0,1847.2600000000002,8867.090000000006,1.2619047619047619,1731,TRK1731,10390.0,10389.5,31.037724855506895
ORD0000101,431,10364.912839811355,STANDARD,5,32.0,53.239999999999995,65.68,1.4,1732,TRK1732,10402.0,10401.5,36.5871601886447
ORD0000102,431,10353.556788461125,STANDARD,40,695.0,2198.6099999999997,2440.81,1.35,1730,TRK1730,10386.0,10385.5,31.943211538875403
ORD0000103,431,10350.908845446118,NEXT_DAY,128,1742.0,3104.69,7112.750000000003,1.22,1727,TRK1727,10366.0,10365.5,14.591154553882006
ORD0000104,431,10359.097737253325,STANDARD,15,92.0,256.65,196.97,1.1333333333333333,1731,TRK1731,10390.0,10389.5,30.40226274667475
ORD0000105,431,10358.563284705719,SAME_DAY,15,115.0,215.10000000000002,262.55,1.1333333333333333,1726,TRK1726,10362.0,10361.5,2.9367152942813846
ORD0000106,431,10353.141804041144,NEXT_DAY,109,1081.0,2313.46,3679.64,1.3442622950819672,1727,TRK1727,10366.0,10365.5,12.358195958855504
ORD0000107,431,10365.734942920612,SAME_DAY,8,26.0,42.379999999999995,40.38,1.5,1728,TRK1728,10378.0,10377.5,11.765057079388498
ORD0000108,431,10365.049847067796,SAME_DAY,17,196.0,397.19,341.78,1.2941176470588236,1728,TRK1728,10378.0,10377.5,12.450152932204219
ORD0000109,431,10358.810915933505,STANDARD,5,105.0,217.12,613.75,1.2,1731,TRK1731,10390.0,10389.5,30.689084066494615
ORD0000110,431,10359.471218292023,NEXT_DAY,20,570.0,2784.33,701.01,1.35,1728,TRK1728,10378.0,10377.5,18.028781707977032
ORD0000111,431,10353.054270890947,NEXT_DAY,16,74.0,160.24,352.5100000000001,1.1764705882352942,1727,TRK1727,10366.0,10365.5,12.44572910905299
ORD0000112,431,10357.254077711967,STANDARD,85,635.0,982.1600000000003,3131.000000000002,1.2551020408163265,1731,TRK1731,10390.0,10389.5,32.2459222880334
ORD0000113,431,10360.507082102124,NEXT_DAY,18,91.0,175.56000000000003,394.01,1.2777777777777777,1728,TRK1728,10378.0,10377.5,16.992917897876396
ORD0000114,431,10351.41250864912,NEXT_DAY,47,314.0,507.65999999999997,1344.2199999999998,1.3333333333333333,1727,TRK1727,10366.0,10365.5,14.087491350879645
ORD0000115,431,10357.805579883807,STANDARD,13,50.0,71.46000000000001,243.26,1.1538461538461537,1731,TRK1731,10390.0,10389.5,31.694420116193214
ORD0000116,431,10362.180929336413,NEXT_DAY,23,249.0,444.99999999999994,960.8,1.2608695652173914,1728,TRK1728,10378.0,10377.5,15.3190706635869
ORD0000117,431,10353.1484582061,NEXT_DAY,2,12.0,48.66,195.12,2.0,1727,TRK1727,10366.0,10365.5,12.351541793899742
ORD0000118,431,10352.946132032488,STANDARD,64,673.0,913.6799999999998,2412.230000000001,1.3194444444444444,1730,TRK1730,10386.0,10385.5,32.553867967511906
ORD0000119,431,10354.244289943312,STANDARD,2,25.0,5.800000000000001,51.35,1.0,1730,TRK1730,10386.0,10385.5,31.255710056688258
ORD0000120,431,10362.51381241555,STANDARD,21,221.0,585.4500000000002,443.7800000000001,1.2727272727272727,1732,TRK1732,10402.0,10401.5,38.98618758445082
ORD0000121,431,10361.151187805981,NEXT_DAY,9,72.0,58.93000000000001,184.19,1.3333333333333333,1728,TRK1728,10378.0,10377.5,16.348812194019047
ORD0000122,431,10360.20874156622,NEXT_DAY,23,277.0,1174.9699999999998,1268.4200000000003,1.2,1728,TRK1728,10378.0,10377.5,17.29125843377915
ORD0000123,431,10362.599428170533,STANDARD,8,125.0,106.45,301.16999999999996,1.125,1732,TRK1732,10402.0,10401.5,38.90057182946657
ORD0000124,431,10366.724333472144,STANDARD,14,656.0,2648.18,2234.73,1.4285714285714286,1732,TRK1732,10402.0,10401.5,34.77566652785572
ORD0000125,431,10352.704134068163,NEXT_DAY,5,26.0,18.66,197.95,1.4,1727,TRK1727,10366.0,10365.5,12.795865931837398
ORD0000126,431,10362.762693117647,SAME_DAY,8,57.0,90.24,258.42999999999995,1.5,1727,TRK1727,10366.0,10365.5,2.737306882352641
ORD0000127,431,10352.3421681136,NEXT_DAY,13,98.0,187.15,707.46,1.1428571428571428,1727,TRK1727,10366.0,10365.5,13.157831886399435
ORD0000128,431,10362.28307340642,SAME_DAY,25,212.0,416.0299999999999,323.41999999999996,1.2,1727,TRK1727,10366.0,10365.5,3.2169265935808653
ORD0000129,431,10355.79732951344,NEXT_DAY,18,258.0,500.7800000000001,658.33,1.4444444444444444,1728,TRK1728,10378.0,10377.5,21.702670486560237
ORD0000130,431,10363.738305168838,NEXT_DAY,18,246.0,517.9499999999999,1044.58,1.6111111111111112,1728,TRK1728,10378.0,10377.5,13.761694831162458
ORD0000131,431,10352.62317049947,NEXT_DAY,6,17.0,31.55,63.220000000000006,1.1666666666666667,1727,TRK1727,10366.0,10365.5,12.87682950053022
ORD0000132,431,10354.810878101933,STANDARD,1,3.0,1.6800000000000002,6.87,1.0,1730,TRK1730,10386.0,10385.5,30.689121898067242
ORD0000133,431,10355.217531235268,NEXT_DAY,1,2.0,1.84,29.72,1.0,1728,TRK1728,10378.0,10377.5,22.282468764731675
ORD0000134,431,10354.380577337537,SAME_DAY,16,103.0,226.01000000000002,759.5400000000001,1.3529411764705883,1725,TRK1725,10358.0,10357.5,3.1194226624629664
ORD0000135,431,10362.012195470787,NEXT_DAY,32,680.0,642.44,2725.9200000000005,1.3823529411764706,1728,TRK1728,10378.0,10377.5,15.487804529213463
ORD0000136,431,10354.566002398587,STANDARD,20,127.0,212.88999999999996,767.31,1.4,1730,TRK1730,10386.0,10385.5,30.933997601412557
ORD0000137,431,10351.462135322807,NEXT_DAY,3,6.0,3.43,11.43,1.0,1727,TRK1727,10366.0,10365.5,14.037864677193284
ORD0000138,431,10355.073354325728,NEXT_DAY,1,72.0,88.56,123.12,1.0,1728,TRK1728,10378.0,10377.5,22.42664567427164
ORD0000139,431,10354.421980866065,NEXT_DAY,18,125.0,271.15999999999997,729.3499999999999,1.2222222222222223,1728,TRK1728,10378.0,10377.5,23.078019133934504
ORD0000140,431,10365.776551830437,STANDARD,15,92.0,300.38000000000005,511.75,1.25,1732,TRK1732,10402.0,10401.5,35.7234481695632
ORD0000141,431,10355.773047315575,STANDARD,9,53.0,141.41000000000003,102.24,1.2727272727272727,1730,TRK1730,10386.0,10385.5,29.72695268442476
ORD0000142,431,10358.45636288816,NEXT_DAY,2,7.0,25.94,22.290000000000003,1.0,1728,TRK1728,10378.0,10377.5,19.043637111839416
ORD0000143,431,10364.853779003004,SAME_DAY,40,258.0,743.1999999999998,1169.9099999999996,1.175,1728,TRK1728,10378.0,10377.5,12.646220996995908
ORD0000144,431,10355.902777407511,NEXT_DAY,14,110.0,111.42,262.79,1.2142857142857142,1728,TRK1728,10378.0,10377.5,21.597222592488833
ORD0000145,431,10352.02813500222,NEXT_DAY,35,557.0,816.4900000000001,942.5,1.2222222222222223,1727,TRK1727,10366.0,10365.5,13.471864997780358
ORD0000146,431,10358.894381820044,STANDARD,1,2.0,0.62,0.72,1.0,1731,TRK1731,10390.0,10389.5,30.605618179955854
ORD0000147,431,10361.743493788383,NEXT_DAY,4,178.0,130.45999999999998,720.38,1.25,1728,TRK1728,10378.0,10377.5,15.756506211617307
ORD0000148,431,10362.100583687612,STANDARD,14,55.0,116.51,196.76000000000002,1.2142857142857142,1732,TRK1732,10402.0,10401.5,39.399416312387984
ORD0000149,431,10362.812290956303,NEXT_DAY,74,968.0,3157.6299999999997,3768.4300000000003,1.3414634146341464,1728,TRK1728,10378.0,10377.5,14.687709043697396
ORD0000150,431,10354.74205628735,SAME_DAY,12,100.0,261.67999999999995,438.4500000000001,1.3333333333333333,1725,TRK1725,10358.0,10357.5,2.7579437126496487
ORD0000151,431,10359.418568337725,SAME_DAY,3,19.0,31.86,162.35,1.3333333333333333,1726,TRK1726,10362.0,10361.5,2.0814316622745537
ORD0000152,431,10358.426966076764,NEXT_DAY,1,12.0,3.3600000000000003,48.84,1.0,1728,TRK1728,10378.0,10377.5,19.073033923235926
ORD0000153,431,10357.066537602559,NEXT_DAY,9,127.0,270.26,299.84999999999997,1.5,1728,TRK1728,10378.0,10377.5,20.433462397440962
ORD0000154,431,10358.413193795805,NEXT_DAY,2,8.0,16.02,33.18,1.0,1728,TRK1728,10378.0,10377.5,19.086806204195454
ORD0000155,431,10353.111260328129,NEXT_DAY,2,25.0,15.89,566.74,1.0,1727,TRK1727,10366.0,10365.5,12.388739671871008
ORD0000156,432,10387.832019243659,NEXT_DAY,20,225.0,670.78,1959.7599999999995,1.3181818181818181,1732,TRK1732,10402.0,10401.5,13.667980756341422
ORD0000157,432,10383.530398402456,SAME_DAY,18,109.0,229.19,522.21,1.4210526315789473,1730,TRK1730,10386.0,10385.5,1.9696015975441696
ORD0000158,432,10375.76687242429,NEXT_DAY,6,9.0,15.75,36.86,1.8333333333333333,1731,TRK1731,10390.0,10389.5,13.73312757570966
ORD0000159,432,10378.839781189252,NEXT_DAY,148,1675.0,3286.3400000000024,6913.409999999994,1.2857142857142858,1732,TRK1732,10402.0,10401.5,22.66021881074812
ORD0000160,432,10378.709630939973,NEXT_DAY,1,2.0,7.38,25.72,1.0,1732,TRK1732,10402.0,10401.5,22.790369060026933
ORD0000161,432,10379.633775654369,STANDARD,11,33.0,31.47,27.169999999999998,1.3636363636363635,1734,TRK1734,10410.0,10409.5,29.866224345631053
ORD0000162,432,10380.316133023902,STANDARD,46,519.0,729.5300000000001,1936.3399999999997,1.3673469387755102,1735,TRK1735,10414.0,10413.5,33.183866976098216
ORD0000163,432,10376.353151837655,NEXT_DAY,18,120.0,525.1700000000001,529.6999999999999,1.2222222222222223,1731,TRK1731,10390.0,10389.5,13.146848162345123
ORD0000164,432,10379.225438118494,SAME_DAY,1,2.0,13.54,0.2,1.0,1729,TRK1729,10382.0,10381.5,2.274561881506088
ORD0000165,432,10377.890554905754,NEXT_DAY,31,589.0,1025.77,2403.28,1.2352941176470589,1731,TRK1731,10390.0,10389.5,11.60944509424553
ORD0000166,432,10379.907512757178,NEXT_DAY,16,190.0,271.15999999999997,999.6999999999999,1.4705882352941178,1732,TRK1732,10402.0,10401.5,21.592487242822244
ORD0000167,432,10376.77133596589,STANDARD,18,211.0,432.93000000000006,2458.9999999999995,1.1111111111111112,1734,TRK1734,10410.0,10409.5,32.7286640341099
ORD0000168,432,10378.069496877026,NEXT_DAY,1,1.0,0.6,0.34,1.0,1732,TRK1732,10402.0,10401.5,23.430503122974187
ORD0000169,432,10383.456176255106,NEXT_DAY,3,14.0,13.68,76.72,1.0,1732,TRK1732,10402.0,10401.5,18.043823744894326
ORD0000170,432,10382.579258194666,STANDARD,1,4.0,18.68,1.04,1.0,1735,TRK1735,10414.0,10413.5,30.92074180533382
ORD0000171,432,10387.885558734586,STANDARD,16,219.0,864.7899999999998,786.63,1.25,1736,TRK1736,10426.0,10425.5,37.614441265413916
ORD0000172,432,10384.380011007866,SAME_DAY,1,4.0,3.96,32.76,1.0,1730,TRK1730,10386.0,10385.5,1.1199889921335853
ORD0000173,432,10376.774349523273,NEXT_DAY,36,687.0,3042.87,722.95,1.3,1731,TRK1731,10390.0,10389.5,12.725650476726514
ORD0000174,432,10379.851926449881,NEXT_DAY,14,123.0,124.84,901.09,1.3571428571428572,1732,TRK1732,10402.0,10401.5,21.64807355011908
ORD0000175,432,10377.250919494112,STANDARD,9,126.0,514.5200000000001,450.46999999999997,1.5555555555555556,1734,TRK1734,10410.0,10409.5,32.24908050588783
ORD0000176,432,10375.84749182694,STANDARD,8,33.0,92.39999999999999,100.56000000000002,1.25,1733,TRK1733,10406.0,10405.5,29.652508173059687
ORD0000177,432,10378.190359785252,NEXT_DAY,17,171.0,511.28999999999996,1846.32,1.1176470588235294,1732,TRK1732,10402.0,10401.5,23.30964021474756
ORD0000178,432,10389.158448386628,NEXT_DAY,8,52.0,116.50999999999999,280.56,1.125,1732,TRK1732,10402.0,10401.5,12.341551613371848
ORD0000179,432,10377.14733055672,STANDARD,36,241.0,430.93,589.6399999999999,1.263157894736842,1734,TRK1734,10410.0,10409.5,32.35266944328032
ORD0000180,432,10377.864591691427,STANDARD,66,940.0,1229.7800000000004,2501.7900000000004,1.3866666666666667,1734,TRK1734,10410.0,10409.5,31.63540830857346
ORD0000181,432,10379.324366534229,STANDARD,23,327.0,470.71000000000004,1001.04,1.2608695652173914,1734,TRK1734,10410.0,10409.5,30.17563346577117
ORD0000182,432,10375.290440684777,NEXT_DAY,6,74.0,36.150000000000006,546.38,1.1666666666666667,1731,TRK1731,10390.0,10389.5,14.209559315222577
ORD0000183,432,10384.415494500778,NEXT_DAY,6,35.0,50.14,250.8,1.5,1732,TRK1732,10402.0,10401.5,17.08450549922236
ORD0000184,432,10377.867478068172,STANDARD,66,813.0,1175.9,4261.1799999999985,1.2361111111111112,1734,TRK1734,10410.0,10409.5,31.632521931827796
ORD0000185,432,10385.842863238282,STANDARD,2,16.0,14.159999999999998,7.619999999999999,2.0,1736,TRK1736,10426.0,10425.5,39.65713676171799
ORD0000186,432,10379.75149248933,NEXT_DAY,3,84.0,57.459999999999994,40.59,2.0,1732,TRK1732,10402.0,10401.5,21.748507510670606
ORD0000187,432,10377.005883146432,SAME_DAY,17,171.0,233.38999999999996,744.8,1.1764705882352942,1729,TRK1729,10382.0,10381.5,4.494116853567903
ORD0000188,432,10378.679900367059,STANDARD,9,34.0,64.42999999999999,147.98999999999995,1.5555555555555556,1734,TRK1734,10410.0,10409.5,30.820099632941492
ORD0000189,432,10383.3139695766,NEXT_DAY,2,4.0,12.82,35.58,1.5,1732,TRK1732,10402.0,10401.5,18.186030423399643
ORD0000190,432,10378.695165264558,STANDARD,66,490.0,1305.6600000000005,1848.28,1.2602739726027397,1734,TRK1734,10410.0,10409.5,30.804834735441545
ORD0000191,432,10378.25607288669,SAME_DAY,1,6.0,1.92,78.30000000000001,1.0,1729,TRK1729,10382.0,10381.5,3.2439271133098373
ORD0000192,432,10385.755727300755,STANDARD,7,79.0,111.43999999999998,673.13,1.5714285714285714,1736,TRK1736,10426.0,10425.5,39.7442726992449
ORD0000193,432,10378.086601575,NEXT_DAY,6,51.0,134.61,90.37,1.5,1732,TRK1732,10402.0,10401.5,23.413398425000196
ORD0000194,432,10378.482119112598,STANDARD,3,27.0,64.19,34.83,1.0,1734,TRK1734,10410.0,10409.5,31.017880887402498
ORD0000195,432,10387.052772086157,NEXT_DAY,6,24.0,43.370000000000005,158.69,1.0,1732,TRK1732,10402.0,10401.5,14.447227913842653
ORD0000196,432,10379.768904287224,NEXT_DAY,14,92.0,328.46000000000004,453.94,1.5714285714285714,1732,TRK1732,10402.0,10401.5,21.73109571277564
ORD0000197,432,10389.485802099327,STANDARD,12,181.0,245.66000000000003,600.5899999999999,1.5833333333333333,1736,TRK1736,10426.0,10425.5,36.014197900673025
ORD0000198,432,10379.705614536568,STANDARD,1,1.0,4.43,1.81,2.0,1734,TRK1734,10410.0,10409.5,29.794385463432263
ORD0000199,433,10404.946369092719,NEXT_DAY,18,126.0,320.59,357.6400000000001,1.1111111111111112,1736,TRK1736,10426.0,10425.5,20.55363090728133
ORD0000200,433,10402.811735681315,STANDARD,159,1767.0,4252.490000000002,10867.479999999996,1.2962962962962963,1738,TRK1738,10434.0,10433.5,30.68826431868547
ORD0000201,433,10408.69584115657,STANDARD,5,54.0,70.72,170.56000000000006,1.4,1740,TRK1740,10450.0,10449.5,40.80415884342983
ORD0000202,433,10404.127843953896,NEXT_DAY,2,3.0,2.46,13.59,1.0,1736,TRK1736,10426.0,10425.5,21.372156046103555
ORD0000203,433,10402.968289116143,SAME_DAY,9,109.0,180.72,262.89,1.3333333333333333,1733,TRK1733,10406.0,10405.5,2.5317108838571585
ORD0000204,433,10410.978745683851,NEXT_DAY,1,24.0,6.48,29.04,1.0,1736,TRK1736,10426.0,10425.5,14.52125431614877
ORD0000205,433,10405.802129670481,NEXT_DAY,3,16.0,37.879999999999995,83.97,1.6666666666666667,1736,TRK1736,10426.0,10425.5,19.69787032951899
ORD0000206,433,10402.724422347736,STANDARD,18,558.0,2058.4100000000003,3389.1100000000006,1.2777777777777777,1738,TRK1738,10434.0,10433.5,30.775577652264474
ORD0000207,433,10401.080447183982,NEXT_DAY,8,33.0,68.62,88.86,1.25,1735,TRK1735,10414.0,10413.5,12.41955281601804
ORD0000208,433,10401.452543366122,NEXT_DAY,19,137.0,461.97999999999996,316.38000000000005,1.368421052631579,1735,TRK1735,10414.0,10413.5,12.047456633878028
ORD0000209,433,10405.621974829919,STANDARD,24,148.0,200.74000000000004,600.5600000000002,1.2916666666666667,1739,TRK1739,10438.0,10437.5,31.878025170080946
ORD0000210,433,10406.725820005331,STANDARD,56,689.0,1753.4700000000003,4315.87,1.3333333333333333,1739,TRK1739,10438.0,10437.5,30.774179994668884
ORD0000211,433,10402.989529042346,NEXT_DAY,26,155.0,494.49000000000007,618.4700000000001,1.3076923076923077,1736,TRK1736,10426.0,10425.5,22.510470957653524
ORD0000212,433,10410.437119236138,STANDARD,1,2.0,4.16,32.02,1.0,1740,TRK1740,10450.0,10449.5,39.06288076386227
ORD0000213,433,10400.285404731267,SAME_DAY,15,157.0,344.44000000000005,1010.0699999999999,1.3333333333333333,1732,TRK1732,10402.0,10401.5,1.2145952687333192
ORD0000214,433,10406.302111069714,SAME_DAY,11,43.0,46.19000000000001,89.75999999999999,1.0909090909090908,1734,TRK1734,10410.0,10409.5,3.1978889302863536
ORD0000215,433,10402.974886457816,STANDARD,11,52.0,103.18999999999998,388.29999999999995,1.3636363636363635,1738,TRK1738,10434.0,10433.5,30.525113542184044
ORD0000216,433,10414.133846656683,NEXT_DAY,20,231.0,353.65,649.63,1.3,1737,TRK1737,10430.0,10429.5,15.36615334331691
ORD0000217,433,10400.352034986372,NEXT_DAY,46,299.0,773.1200000000003,1700.76,1.2127659574468086,1735,TRK1735,10414.0,10413.5,13.147965013627982
ORD0000218,433,10414.499700576447,STANDARD,12,76.0,161.45000000000002,255.17000000000002,1.3333333333333333,1740,TRK1740,10450.0,10449.5,35.00029942355286
ORD0000219,433,10402.740553699781,SAME_DAY,18,662.0,277.45000000000005,480.36999999999995,1.1111111111111112,1733,TRK1733,10406.0,10405.5,2.7594463002187695
ORD0000220,433,10403.54305910986,NEXT_DAY,22,324.0,528.47,660.13,1.25,1736,TRK1736,10426.0,10425.5,21.956940890140686
ORD0000221,433,10408.056647327705,NEXT_DAY,2,18.0,9.659999999999998,57.3,1.0,1736,TRK1736,10426.0,10425.5,17.443352672295077
ORD0000222,433,10405.772789578392,NEXT_DAY,5,71.0,407.87,163.58,1.2,1736,TRK1736,10426.0,10425.5,19.727210421608106
ORD0000223,433,10409.194568880952,STANDARD,18,122.0,190.31,331.75,1.3333333333333333,1740,TRK1740,10450.0,10449.5,40.30543111904808
ORD0000224,433,10407.868514547798,NEXT_DAY,9,29.0,46.61000000000001,39.55,1.1111111111111112,1736,TRK1736,10426.0,10425.5,17.63148545220247
ORD0000225,433,10414.271935258043,STANDARD,36,536.0,701.71,3032.5999999999995,1.3421052631578947,1740,TRK1740,10450.0,10449.5,35.228064741957496
ORD0000226,433,10401.309174073816,NEXT_DAY,49,545.0,962.8900000000001,2192.21,1.3148148148148149,1735,TRK1735,10414.0,10413.5,12.190825926183606
ORD0000227,433,10403.011536291626,NEXT_DAY,25,158.0,248.68,479.25000000000017,1.3076923076923077,1736,TRK1736,10426.0,10425.5,22.488463708374184
ORD0000228,433,10392.756986602937,SAME_DAY,29,237.0,596.6999999999999,1122.46,1.2424242424242424,1732,TRK1732,10402.0,10401.5,8.743013397062896
ORD0000229,433,10410.141172745773,NEXT_DAY,37,409.0,636.2800000000002,1751.3800000000003,1.1794871794871795,1736,TRK1736,10426.0,10425.5,15.358827254227435
ORD0000230,433,10409.63081509945,NEXT_DAY,1,1.0,0.26,0.21,1.0,1736,TRK1736,10426.0,10425.5,15.869184900549953
ORD0000231,433,10410.201943695882,SAME_DAY,17,642.0,658.9900000000001,7357.829999999998,1.3529411764705883,1735,TRK1735,10414.0,10413.5,3.2980563041182904
ORD0000232,433,10405.241115239822,NEXT_DAY,11,99.0,90.26,181.17999999999998,1.5454545454545454,1736,TRK1736,10426.0,10425.5,20.258884760178262
ORD0000233,433,10409.603867398013,SAME_DAY,22,151.0,307.62,633.5,1.2,1735,TRK1735,10414.0,10413.5,3.8961326019871194
ORD0000234,433,10402.548331649597,STANDARD,37,162.0,413.05,767.1199999999998,1.3076923076923077,1738,TRK1738,10434.0,10433.5,30.951668350402542
ORD0000235,433,10400.395100121412,SAME_DAY,40,802.0,1923.2199999999993,3279.7800000000007,1.3255813953488371,1732,TRK1732,10402.0,10401.5,1.104899878588185
ORD0000236,433,10400.052701727114,STANDARD,14,159.0,154.59000000000003,786.62,1.5,1738,TRK1738,10434.0,10433.5,33.447298272885746
ORD0000237,433,10408.105018327908,NEXT_DAY,1,6.0,13.32,2.46,1.0,1736,TRK1736,10426.0,10425.5,17.3949816720924
ORD0000238,433,10412.691522034753,SAME_DAY,35,192.0,323.38,902.4299999999998,1.2285714285714286,1736,TRK1736,10426.0,10425.5,12.80847796524722
ORD0000239,433,10400.628131330954,SAME_DAY,20,163.0,371.01000000000005,1794.0600000000002,1.25,1733,TRK1733,10406.0,10405.5,4.871868669046307
ORD0000240,433,10407.150413991061,NEXT_DAY,43,574.0,1591.7699999999998,2066.099999999999,1.3043478260869565,1736,TRK1736,10426.0,10425.5,18.349586008938786
ORD0000241,433,10404.830402258487,STANDARD,6,54.0,86.46,195.53000000000003,1.6666666666666667,1739,TRK1739,10438.0,10437.5,32.669597741512916
ORD0000242,433,10400.01317684372,NEXT_DAY,15,155.0,366.68,201.64999999999998,1.4666666666666666,1735,TRK1735,10414.0,10413.5,13.48682315627957
ORD0000243,433,10411.995241980601,SAME_DAY,79,464.0,1142.1599999999999,1529.13,1.3658536585365855,1735,TRK1735,10414.0,10413.5,1.5047580193986505
ORD0000244,433,10399.05910918693,NEXT_DAY,11,76.0,130.6,485.42,1.25,1735,TRK1735,10414.0,10413.5,14.440890813069927
ORD0000245,433,10398.101559232558,STANDARD,53,497.0,923.3899999999999,2095.0099999999998,1.1929824561403508,1737,TRK1737,10430.0,10429.5,31.39844076744157
ORD0000246,433,10398.971695163535,NEXT_DAY,99,1149.0,1870.7600000000007,5759.319999999998,1.2622950819672132,1735,TRK1735,10414.0,10413.5,14.528304836465395
ORD0000247,433,10406.875182645334,STANDARD,30,171.0,262.89000000000004,700.34,1.303030303030303,1739,TRK1739,10438.0,10437.5,30.624817354666447
ORD0000248,433,10406.883570617189,STANDARD,38,200.0,218.61999999999998,811.4199999999998,1.3658536585365855,1739,TRK1739,10438.0,10437.5,30.616429382811475
ORD0000249,433,10406.60740970125,NEXT_DAY,18,234.0,317.20000000000005,681.2600000000001,1.3333333333333333,1736,TRK1736,10426.0,10425.5,18.892590298750292
ORD0000250,433,10408.96192260118,STANDARD,17,154.0,221.14000000000001,1178.4599999999998,1.1764705882352942,1740,TRK1740,10450.0,10449.5,40.53807739881995
ORD0000251,433,10401.706667457693,NEXT_DAY,10,105.0,453.97999999999996,840.2600000000002,1.3,1735,TRK1735,10414.0,10413.5,11.793332542307326
ORD0000252,433,10412.905580137956,NEXT_DAY,23,140.0,289.86,634.69,1.2608695652173914,1736,TRK1736,10426.0,10425.5,12.594419862043651
ORD0000253,433,10407.004671430272,NEXT_DAY,19,140.0,460.48999999999995,692.62,1.263157894736842,1736,TRK1736,10426.0,10425.5,18.495328569728372
ORD0000254,433,10399.065540344845,NEXT_DAY,109,1155.0,1906.9000000000005,3849.4600000000005,1.3852459016393444,1735,TRK1735,10414.0,10413.5,14.43445965515457
ORD0000255,433,10402.900413363092,STANDARD,3,6.0,21.240000000000002,5.84,1.3333333333333333,1738,TRK1738,10434.0,10433.5,30.599586636908498
ORD0000256,433,10413.770732928551,NEXT_DAY,36,344.0,457.50000000000006,2266.1700000000005,1.3055555555555556,1736,TRK1736,10426.0,10425.5,11.729267071448703
ORD0000257,433,10407.255857023461,NEXT_DAY,15,202.0,290.2300000000001,498.45,1.3333333333333333,1736,TRK1736,10426.0,10425.5,18.24414297653857
ORD0000258,433,10404.417497205692,SAME_DAY,2,12.0,6.58,22.759999999999998,1.5,1733,TRK1733,10406.0,10405.5,1.0825027943083114
ORD0000259,433,10402.27372205852,NEXT_DAY,3,3.0,4.5,31.520000000000003,1.0,1736,TRK1736,10426.0,10425.5,23.226277941479566
ORD0000260,433,10407.927339771139,NEXT_DAY,18,165.0,403.40999999999997,1104.65,1.25,1736,TRK1736,10426.0,10425.5,17.572660228861423
ORD0000261,433,10408.597360707567,NEXT_DAY,13,57.0,88.66,174.43,1.4615384615384615,1736,TRK1736,10426.0,10425.5,16.902639292433378
ORD0000262,433,10410.507744445236,NEXT_DAY,30,400.0,724.4100000000001,2962.5200000000004,1.3548387096774193,1736,TRK1736,10426.0,10425.5,14.992255554763688
ORD0000263,433,10410.566178729152,NEXT_DAY,39,493.0,680.4300000000001,5042.1900000000005,1.3,1736,TRK1736,10426.0,10425.5,14.933821270848057
ORD0000264,433,10406.196400806371,NEXT_DAY,23,455.0,476.8499999999999,2713.7400000000002,1.2916666666666667,1736,TRK1736,10426.0,10425.5,19.303599193628543
ORD0000265,433,10405.382084239525,STANDARD,8,49.0,131.98,101.97999999999999,1.25,1739,TRK1739,10438.0,10437.5,32.117915760474716
ORD0000266,433,10401.988428919927,STANDARD,9,81.0,130.91,485.56,1.1111111111111112,1738,TRK1738,10434.0,10433.5,31.511571080072827
ORD0000267,433,10410.12298080912,STANDARD,49,382.0,840.73,1946.0999999999997,1.3703703703703705,1740,TRK1740,10450.0,10449.5,39.377019190880674
ORD0000268,433,10412.710922267754,SAME_DAY,2,100.0,69.96,16.64,1.5,1736,TRK1736,10426.0,10425.5,12.78907773224637
ORD0000269,433,10413.90295651121,NEXT_DAY,15,311.0,1518.9500000000005,1186.7600000000002,1.4666666666666666,1736,TRK1736,10426.0,10425.5,11.597043488789495
ORD0000270,433,10403.6568491163,NEXT_DAY,18,192.0,220.18,499.35999999999984,1.4444444444444444,1736,TRK1736,10426.0,10425.5,21.84315088370022
ORD0000271,433,10403.995910155965,NEXT_DAY,50,273.0,680.63,807.4400000000002,1.2592592592592593,1736,TRK1736,10426.0,10425.5,21.504089844034752
ORD0000272,433,10401.56884214649,SAME_DAY,26,121.0,253.47999999999996,407.36999999999995,1.4615384615384615,1733,TRK1733,10406.0,10405.5,3.93115785351074
ORD0000273,433,10399.164380875567,NEXT_DAY,90,1421.0,3403.129999999997,9297.249999999995,1.2755102040816326,1735,TRK1735,10414.0,10413.5,14.335619124432924
ORD0000274,433,10406.680850885754,NEXT_DAY,40,444.0,737.2900000000002,1805.9500000000005,1.255813953488372,1736,TRK1736,10426.0,10425.5,18.819149114246102
ORD0000275,433,10411.84964112316,NEXT_DAY,25,215.0,411.93000000000006,948.6800000000001,1.48,1736,TRK1736,10426.0,10425.5,13.650358876839164
ORD0000276,433,10407.906280708326,NEXT_DAY,34,235.0,394.62999999999994,540.3499999999999,1.2941176470588236,1736,TRK1736,10426.0,10425.5,17.59371929167355
ORD0000277,433,10397.866219586442,NEXT_DAY,1,2.0,0.9,1.74,1.0,1734,TRK1734,10410.0,10409.5,11.63378041355827
ORD0000278,433,10405.500726904878,SAME_DAY,19,69.0,167.25000000000003,254.79,1.368421052631579,1734,TRK1734,10410.0,10409.5,3.99927309512168
ORD0000279,433,10409.963487538318,STANDARD,3,11.0,15.24,83.19,1.6666666666666667,1740,TRK1740,10450.0,10449.5,39.53651246168192
ORD0000280,433,10411.562310820475,NEXT_DAY,30,209.0,391.27,906.7900000000001,1.2258064516129032,1736,TRK1736,10426.0,10425.5,13.937689179525478
ORD0000281,433,10403.353984969297,NEXT_DAY,19,116.0,320.12000000000006,371.01,1.35,1736,TRK1736,10426.0,10425.5,22.146015030702983
ORD0000282,433,10405.062813566274,NEXT_DAY,13,339.0,1204.5500000000002,4220.400000000001,1.5,1736,TRK1736,10426.0,10425.5,20.43718643372631
ORD0000283,433,10403.621281714577,SAME_DAY,19,222.0,418.91,1072.72,1.4210526315789473,1733,TRK1733,10406.0,10405.5,1.8787182854230196
ORD0000284,433,10412.234432598794,STANDARD,27,693.0,1599.93,2838.7200000000003,1.1481481481481481,1740,TRK1740,10450.0,10449.5,37.26556740120577
ORD0000285,433,10404.96535533555,SAME_DAY,12,73.0,101.35000000000001,205.95000000000002,1.3333333333333333,1734,TRK1734,10410.0,10409.5,4.534644664450752
ORD0000286,433,10403.84385078331,NEXT_DAY,52,353.0,584.5000000000002,1513.45,1.2037037037037037,1736,TRK1736,10426.0,10425.5,21.6561492166893
ORD0000287,433,10408.304276772094,STANDARD,12,79.0,190.01000000000002,199.29000000000002,1.1666666666666667,1740,TRK1740,10450.0,10449.5,41.195723227905546
ORD0000288,433,10405.430150001159,STANDARD,12,509.0,416.88999999999993,951.2300000000001,1.25,1739,TRK1739,10438.0,10437.5,32.069849998841164
ORD0000289,433,10410.823506548046,STANDARD,47,612.0,1704.69,3385.7500000000005,1.2884615384615385,1740,TRK1740,10450.0,10449.5,38.67649345195423
ORD0000290,433,10405.891862238823,SAME_DAY,8,42.0,75.28,86.31,1.125,1734,TRK1734,10410.0,10409.5,3.608137761177204
ORD0000291,433,10399.973627505562,STANDARD,16,227.0,337.6300000000001,1429.1400000000003,1.125,1737,TRK1737,10430.0,10429.5,29.526372494437965
ORD0000292,433,10405.089065496986,NEXT_DAY,20,78.0,230.00000000000003,285.67,1.5,1736,TRK1736,10426.0,10425.5,20.410934503013777
ORD0000293,433,10410.268204323123,STANDARD,2,13.0,3.1900000000000004,42.480000000000004,1.0,1740,TRK1740,10450.0,10449.5,39.23179567687657
ORD0000294,433,10402.703748152684,NEXT_DAY,1,3.0,9.69,66.6,1.0,1736,TRK1736,10426.0,10425.5,22.796251847315943
ORD0000295,433,10401.65669571796,NEXT_DAY,16,178.0,191.76999999999998,658.3399999999998,1.3529411764705883,1735,TRK1735,10414.0,10413.5,11.843304282039753
ORD0000296,433,10402.403354596445,STANDARD,2,27.0,15.690000000000001,55.77,1.0,1738,TRK1738,10434.0,10433.5,31.096645403555158
ORD0000297,433,10409.90025214723,STANDARD,9,54.0,88.99,252.96,1.1111111111111112,1740,TRK1740,10450.0,10449.5,39.599747852769724
ORD0000298,433,10408.079174642777,NEXT_DAY,14,167.0,196.01999999999995,546.8599999999999,1.3571428571428572,1736,TRK1736,10426.0,10425.5,17.420825357223293
ORD0000299,433,10405.330788641335,NEXT_DAY,1,1.0,6.95,4.75,1.0,1736,TRK1736,10426.0,10425.5,20.169211358665052
ORD0000300,433,10402.285789772903,NEXT_DAY,19,150.0,195.05,1006.5899999999999,1.0,1736,TRK1736,10426.0,10425.5,23.214210227097283
ORD0000301,433,10409.457329254363,SAME_DAY,14,41.0,61.12,103.77999999999999,1.4285714285714286,1735,TRK1735,10414.0,10413.5,4.042670745637224
ORD0000302,433,10411.776956141463,STANDARD,18,99.0,233.82999999999998,339.8,1.3888888888888888,1740,TRK1740,10450.0,10449.5,37.723043858537494
ORD0000303,433,10401.212137407962,NEXT_DAY,7,18.0,39.45,130.96,1.1428571428571428,1735,TRK1735,10414.0,10413.5,12.287862592038437
ORD0000304,433,10407.825514257256,NEXT_DAY,10,57.0,173.31,116.02,1.5,1736,TRK1736,10426.0,10425.5,17.674485742743855
ORD0000305,433,10401.695745518973,STANDARD,19,418.0,362.25,1813.5,1.263157894736842,1738,TRK1738,10434.0,10433.5,31.804254481026874
ORD0000306,433,10408.632965515797,NEXT_DAY,1,2.0,0.58,0.42,1.0,1736,TRK1736,10426.0,10425.5,16.86703448420303
ORD0000307,433,10408.744482304697,STANDARD,15,81.0,206.23,276.94,1.2,1740,TRK1740,10450.0,10449.5,40.75551769530284
ORD0000308,433,10404.349118499797,SAME_DAY,4,27.0,72.84,13.010000000000002,1.0,1733,TRK1733,10406.0,10405.5,1.150881500203468
ORD0000309,433,10400.379465326214,NEXT_DAY,35,178.0,430.0300000000001,998.7300000000002,1.2702702702702702,1735,TRK1735,10414.0,10413.5,13.120534673786096
ORD0000310,433,10400.440995088513,SAME_DAY,9,21.0,71.17999999999999,59.919999999999995,1.3333333333333333,1732,TRK1732,10402.0,10401.5,1.0590049114871363
ORD0000311,433,10409.083064277635,NEXT_DAY,19,157.0,151.19,251.11,1.4,1736,TRK1736,10426.0,10425.5,16.41693572236545
ORD0000312,433,10412.128073176487,STANDARD,54,591.0,1109.34,3043.859999999999,1.3454545454545455,1740,TRK1740,10450.0,10449.5,37.371926823512695
ORD0000313,433,10401.852430308716,NEXT_DAY,13,102.0,108.78999999999999,218.37999999999997,1.3846153846153846,1735,TRK1735,10414.0,10413.5,11.647569691283934
ORD0000314,433,10400.406977947441,NEXT_DAY,25,220.0,358.01000000000005,664.5600000000001,1.28,1735,TRK1735,10414.0,10413.5,13.093022052558808
ORD0000315,433,10400.840785998906,NEXT_DAY,25,160.0,403.68,1197.0299999999997,1.2,1735,TRK1735,10414.0,10413.5,12.65921400109437
ORD0000316,433,10407.44662288926,STANDARD,26,705.0,2858.32,624.71,1.3103448275862069,1739,TRK1739,10438.0,10437.5,30.053377110740257
ORD0000317,433,10405.56533370704,STANDARD,5,21.0,82.22,70.85000000000001,1.0,1739,TRK1739,10438.0,10437.5,31.934666292960173
ORD0000318,433,10396.813224146721,NEXT_DAY,1,1.0,0.31,0.11,1.0,1734,TRK1734,10410.0,10409.5,12.68677585327896
ORD0000319,433,10407.36356049193,NEXT_DAY,37,482.0,618.8900000000001,1645.3700000000003,1.2,1736,TRK1736,10426.0,10425.5,18.136439508070907
ORD0000320,433,10406.508433729243,STANDARD,63,889.0,1578.4000000000005,2450.4399999999996,1.3150684931506849,1739,TRK1739,10438.0,10437.5,30.991566270757176
ORD0000321,433,10401.162553797845,STANDARD,22,168.0,271.46,448.31000000000006,1.2727272727272727,1738,TRK1738,10434.0,10433.5,32.33744620215475
ORD0000322,433,10409.454563376123,STANDARD,36,360.0,372.63,948.3299999999999,1.2702702702702702,1740,TRK1740,10450.0,10449.5,40.04543662387732
ORD0000323,433,10410.840761190813,STANDARD,13,365.0,1752.3400000000001,1683.52,1.3076923076923077,1740,TRK1740,10450.0,10449.5,38.65923880918672
ORD0000324,433,10400.386454283793,STANDARD,25,159.0,309.64,587.5199999999999,1.24,1738,TRK1738,10434.0,10433.5,33.11354571620723
ORD0000325,433,10401.29202691582,NEXT_DAY,8,62.0,96.52000000000001,217.87999999999997,1.25,1735,TRK1735,10414.0,10413.5,12.207973084179685
ORD0000326,433,10405.464193676118,NEXT_DAY,11,39.0,90.6,110.14,1.1818181818181819,1736,TRK1736,10426.0,10425.5,20.035806323881843
ORD0000327,434,10435.275667827846,NEXT_DAY,222,2289.0,4392.68,8721.499999999995,1.2711267605633803,1740,TRK1740,10450.0,10449.5,14.22433217215439
ORD0000328,434,10437.04945531788,NEXT_DAY,74,1263.0,1843.0200000000013,4521.860000000001,1.2804878048780488,1741,TRK1741,10454.0,10453.5,16.45054468212038
ORD0000329,434,10432.776833922213,STANDARD,34,883.0,1009.5800000000002,1841.3000000000002,1.1388888888888888,1744,TRK1744,10474.0,10473.5,40.72316607778703
ORD0000330,434,10426.759049494754,STANDARD,3,14.0,43.08,91.83999999999999,1.0,1742,TRK1742,10458.0,10457.5,30.740950505245564
ORD0000331,434,10430.503698924873,SAME_DAY,29,154.0,398.78,703.47,1.4333333333333333,1738,TRK1738,10434.0,10433.5,2.9963010751271213
ORD0000332,434,10432.32766926451,NEXT_DAY,27,248.0,395.19,781.78,1.1724137931034482,1740,TRK1740,10450.0,10449.5,17.172330735489595
ORD0000333,434,10434.333888824927,NEXT_DAY,20,139.0,338.50999999999993,445.67,1.2857142857142858,1740,TRK1740,10450.0,10449.5,15.166111175072729
ORD0000334,434,10430.405092706185,NEXT_DAY,2,13.0,5.25,177.28,2.0,1740,TRK1740,10450.0,10449.5,19.094907293814686
ORD0000335,434,10425.394889757112,STANDARD,1,4.0,1.92,13.4,2.0,1742,TRK1742,10458.0,10457.5,32.10511024288826
ORD0000336,434,10426.018250258572,NEXT_DAY,23,288.0,366.22,1227.79,1.2916666666666667,1740,TRK1740,10450.0,10449.5,23.481749741427848
ORD0000337,434,10426.991819545738,SAME_DAY,32,286.0,575.53,1171.22,1.4411764705882353,1737,TRK1737,10430.0,10429.5,2.5081804542624013
ORD0000338,434,10431.221681852623,NEXT_DAY,1,1.0,3.18,7.27,1.0,1740,TRK1740,10450.0,10449.5,18.278318147376922
ORD0000339,434,10428.905475622943,SAME_DAY,9,103.0,342.51,256.63,1.2222222222222223,1738,TRK1738,10434.0,10433.5,4.594524377056587
ORD0000340,434,10424.147156526606,NEXT_DAY,12,271.0,713.2099999999999,2481.36,1.3333333333333333,1739,TRK1739,10438.0,10437.5,13.352843473394387
ORD0000341,434,10434.636403001714,STANDARD,20,248.0,639.34,864.8299999999999,1.3,1744,TRK1744,10474.0,10473.5,38.863596998286084
ORD0000342,434,10437.49983331454,NEXT_DAY,15,557.0,2425.64,1300.5899999999997,1.3333333333333333,1741,TRK1741,10454.0,10453.5,16.0001666854605
ORD0000343,434,10428.82462238235,STANDARD,13,223.0,425.03000000000003,1224.79,1.2307692307692308,1743,TRK1743,10462.0,10461.5,32.675377617650156
ORD0000344,434,10422.541597281892,NEXT_DAY,30,569.0,375.2900000000001,3625.15,1.2666666666666666,1739,TRK1739,10438.0,10437.5,14.958402718108118
ORD0000345,434,10430.840793208654,NEXT_DAY,8,71.0,65.42,281.52,1.375,1740,TRK1740,10450.0,10449.5,18.65920679134615
ORD0000346,434,10428.218406026432,NEXT_DAY,28,233.0,266.2300000000001,1042.0600000000002,1.2424242424242424,1740,TRK1740,10450.0,10449.5,21.281593973568306
ORD0000347,434,10430.428526119958,STANDARD,14,105.0,184.32000000000002,292.2,1.3571428571428572,1743,TRK1743,10462.0,10461.5,31.071473880041594
ORD0000348,434,10424.044309698505,NEXT_DAY,20,161.0,263.14,612.4699999999999,1.2857142857142858,1739,TRK1739,10438.0,10437.5,13.455690301494542
ORD0000349,434,10426.282355976178,NEXT_DAY,19,154.0,349.78000000000003,982.14,1.263157894736842,1740,TRK1740,10450.0,10449.5,23.217644023821776
ORD0000350,434,10431.937973460033,NEXT_DAY,23,191.0,406.5100000000001,1025.4199999999998,1.625,1740,TRK1740,10450.0,10449.5,17.56202653996661
ORD0000351,434,10428.332969782226,NEXT_DAY,21,147.0,463.54999999999995,2054.7200000000003,1.4761904761904763,1740,TRK1740,10450.0,10449.5,21.167030217773572
ORD0000352,434,10424.945037543144,NEXT_DAY,3,9.0,3.76,8.13,1.0,1739,TRK1739,10438.0,10437.5,12.55496245685572
ORD0000353,434,10433.408274522575,NEXT_DAY,5,80.0,237.26999999999998,139.32,1.2,1740,TRK1740,10450.0,10449.5,16.091725477424916
ORD0000354,434,10422.161933395317,NEXT_DAY,17,169.0,165.79999999999998,1550.14,1.1176470588235294,1739,TRK1739,10438.0,10437.5,15.338066604683263
ORD0000355,434,10425.324343306598,SAME_DAY,2,2.0,3.16,2.38,1.0,1737,TRK1737,10430.0,10429.5,4.175656693401834
ORD0000356,434,10425.878750070011,NEXT_DAY,32,510.0,947.01,1067.7999999999997,1.393939393939394,1739,TRK1739,10438.0,10437.5,11.621249929989062
ORD0000357,434,10427.874497623476,SAME_DAY,134,1795.0,2984.6100000000006,12010.140000000005,1.3148148148148149,1737,TRK1737,10430.0,10429.5,1.6255023765243095
ORD0000358,434,10431.186948357046,SAME_DAY,29,346.0,726.18,2401.0800000000004,1.3870967741935485,1738,TRK1738,10434.0,10433.5,2.313051642953724
ORD0000359,434,10425.476631874746,SAME_DAY,21,151.0,234.39999999999998,603.92,1.2083333333333333,1737,TRK1737,10430.0,10429.5,4.02336812525391
ORD0000360,434,10426.189909521607,NEXT_DAY,26,212.0,442.66999999999996,1552.1599999999999,1.3076923076923077,1740,TRK1740,10450.0,10449.5,23.31009047839325
ORD0000361,434,10422.040734703487,STANDARD,14,102.0,227.71,775.5600000000001,1.2142857142857142,1741,TRK1741,10454.0,10453.5,31.459265296512967
ORD0000362,434,10423.267266134879,NEXT_DAY,23,216.0,369.16,735.6699999999998,1.3461538461538463,1739,TRK1739,10438.0,10437.5,14.23273386512119
ORD0000363,434,10425.53153075334,NEXT_DAY,38,321.0,746.93,1439.18,1.2,1739,TRK1739,10438.0,10437.5,11.968469246659879
ORD0000364,434,10424.272544684238,STANDARD,47,350.0,586.2499999999999,1974.7999999999997,1.4489795918367347,1742,TRK1742,10458.0,10457.5,33.2274553157622
ORD0000365,434,10429.354875871199,STANDARD,10,48.0,61.11,195.47,1.0909090909090908,1743,TRK1743,10462.0,10461.5,32.1451241288014
ORD0000366,434,10430.375746687223,STANDARD,45,340.0,819.6500000000001,1437.4,1.297872340425532,1743,TRK1743,10462.0,10461.5,31.124253312777
ORD0000367,434,10431.361486052743,NEXT_DAY,13,512.0,1227.16,7182.62,1.3076923076923077,1740,TRK1740,10450.0,10449.5,18.138513947256797
ORD0000368,434,10425.612785675301,NEXT_DAY,12,82.0,172.93,101.48,1.3846153846153846,1739,TRK1739,10438.0,10437.5,11.887214324699016
ORD0000369,434,10430.789342692027,NEXT_DAY,7,66.0,142.89999999999998,489.32,1.4285714285714286,1740,TRK1740,10450.0,10449.5,18.710657307972724
ORD0000370,434,10429.483318764162,STANDARD,8,36.0,54.81999999999999,83.33999999999999,1.5555555555555556,1743,TRK1743,10462.0,10461.5,32.016681235838405
ORD0000371,434,10432.434714105797,STANDARD,17,125.0,195.97,723.2800000000002,1.2941176470588236,1744,TRK1744,10474.0,10473.5,41.06528589420304
ORD0000372,434,10434.0793688087,SAME_DAY,41,278.0,519.3400000000001,1376.0499999999997,1.302325581395349,1739,TRK1739,10438.0,10437.5,3.4206311913003447
ORD0000373,434,10428.637590578033,NEXT_DAY,13,76.0,92.95000000000003,426.49,1.3076923076923077,1740,TRK1740,10450.0,10449.5,20.86240942196673
ORD0000374,434,10437.957999394104,SAME_DAY,35,282.0,416.67,955.2599999999998,1.4722222222222223,1741,TRK1741,10454.0,10453.5,15.542000605895737
ORD0000375,434,10423.7719512978,SAME_DAY,25,203.0,348.33000000000004,566.74,1.3571428571428572,1736,TRK1736,10426.0,10425.5,1.7280487021998852
ORD0000376,434,10427.392232461589,STANDARD,14,274.0,580.7800000000001,3467.4,1.4285714285714286,1742,TRK1742,10458.0,10457.5,30.10776753841128
ORD0000377,434,10425.721940893678,SAME_DAY,16,105.0,197.60000000000005,312.05999999999995,1.1875,1737,TRK1737,10430.0,10429.5,3.7780591063219617
ORD0000378,434,10429.66308837359,STANDARD,2,26.0,142.92,147.26000000000002,1.0,1743,TRK1743,10462.0,10461.5,31.836911626409346
ORD0000379,434,10428.811736800973,SAME_DAY,35,308.0,444.92999999999995,1698.58,1.3243243243243243,1738,TRK1738,10434.0,10433.5,4.688263199026551
ORD0000380,434,10425.884697376008,NEXT_DAY,25,145.0,212.82999999999998,489.99,1.32,1739,TRK1739,10438.0,10437.5,11.615302623991738
ORD0000381,434,10416.909702640009,NEXT_DAY,2,18.0,46.260000000000005,41.879999999999995,1.0,1737,TRK1737,10430.0,10429.5,12.590297359991382
ORD0000382,434,10433.796564138907,SAME_DAY,1,1.0,0.22,20.36,2.0,1739,TRK1739,10438.0,10437.5,3.7034358610926574
ORD0000383,434,10432.978869225733,NEXT_DAY,29,179.0,289.65000000000003,975.8000000000003,1.3333333333333333,1740,TRK1740,10450.0,10449.5,16.521130774266567
ORD0000384,434,10425.153814969603,NEXT_DAY,39,567.0,1429.2900000000002,2341.5,1.375,1739,TRK1739,10438.0,10437.5,12.346185030397464
ORD0000385,434,10436.8071286862,STANDARD,74,553.0,1242.83,2607.730000000001,1.3246753246753247,1744,TRK1744,10474.0,10473.5,36.692871313800424
ORD0000386,434,10430.220025175708,NEXT_DAY,8,45.0,117.46000000000001,221.98,1.125,1740,TRK1740,10450.0,10449.5,19.279974824292367
ORD0000387,434,10422.960315949975,NEXT_DAY,50,1087.0,811.98,2976.070000000001,1.3076923076923077,1739,TRK1739,10438.0,10437.5,14.539684050025244
ORD0000388,434,10436.008073992058,NEXT_DAY,50,475.0,1197.27,1242.4499999999998,1.3703703703703705,1740,TRK1740,10450.0,10449.5,13.491926007942311
ORD0000389,434,10430.392303730101,NEXT_DAY,87,659.0,984.9699999999996,3041.479999999999,1.2365591397849462,1740,TRK1740,10450.0,10449.5,19.107696269898952
ORD0000390,434,10429.77383245725,STANDARD,2,2.0,0.94,15.24,1.0,1743,TRK1743,10462.0,10461.5,31.726167542750773
ORD0000391,434,10423.723176881425,NEXT_DAY,43,482.0,994.8200000000002,1622.0399999999997,1.3555555555555556,1739,TRK1739,10438.0,10437.5,13.776823118574612
ORD0000392,434,10428.609555848767,NEXT_DAY,16,65.0,72.85999999999999,601.4,1.25,1740,TRK1740,10450.0,10449.5,20.89044415123317
ORD0000393,434,10431.952447913485,STANDARD,6,81.0,119.81000000000002,259.53999999999996,1.5,1743,TRK1743,10462.0,10461.5,29.54755208651477
ORD0000394,434,10430.6776023056,NEXT_DAY,34,267.0,280.88000000000005,1281.5500000000006,1.2647058823529411,1740,TRK1740,10450.0,10449.5,18.822397694399115
ORD0000395,434,10429.909896184565,NEXT_DAY,8,58.0,160.04,185.89999999999995,1.25,1740,TRK1740,10450.0,10449.5,19.590103815435214
ORD0000396,434,10436.096151891796,NEXT_DAY,26,201.0,411.0800000000001,1749.7299999999996,1.1923076923076923,1741,TRK1741,10454.0,10453.5,17.40384810820433
ORD0000397,434,10426.267594616975,SAME_DAY,7,121.0,414.83,1389.87,1.2857142857142858,1737,TRK1737,10430.0,10429.5,3.2324053830252524
ORD0000398,434,10424.115123577627,NEXT_DAY,11,72.0,120.66999999999999,335.73,1.6363636363636365,1739,TRK1739,10438.0,10437.5,13.384876422373054
ORD0000399,434,10427.308017392266,STANDARD,71,842.0,1412.3700000000003,1886.0800000000002,1.3417721518987342,1742,TRK1742,10458.0,10457.5,30.191982607733735
ORD0000400,434,10426.791244743517,STANDARD,61,688.0,1439.3000000000006,2270.5699999999993,1.36986301369863,1742,TRK1742,10458.0,10457.5,30.70875525648262
ORD0000401,434,10429.392036964835,STANDARD,21,223.0,670.1299999999999,1354.7499999999995,1.2380952380952381,1743,TRK1743,10462.0,10461.5,32.107963035165085
ORD0000402,434,10424.762327437142,STANDARD,5,64.0,400.0,357.8900000000001,1.6,1742,TRK1742,10458.0,10457.5,32.73767256285828
ORD0000403,434,10427.00348942905,SAME_DAY,10,62.0,107.41,231.70999999999998,1.1,1737,TRK1737,10430.0,10429.5,2.4965105709507043
ORD0000404,434,10428.72928033156,NEXT_DAY,11,122.0,194.23999999999998,554.43,1.3636363636363635,1740,TRK1740,10450.0,10449.5,20.770719668440506
ORD0000405,434,10431.896238664094,STANDARD,25,415.0,1007.03,361.96999999999997,1.0769230769230769,1743,TRK1743,10462.0,10461.5,29.6037613359058
ORD0000406,434,10429.866643500196,STANDARD,6,17.0,30.790000000000003,50.95,1.6666666666666667,1743,TRK1743,10462.0,10461.5,31.633356499803995
ORD0000407,434,10430.72569810609,SAME_DAY,5,18.0,78.23000000000002,30.560000000000002,1.2,1738,TRK1738,10434.0,10433.5,2.774301893910888
ORD0000408,434,10432.022114255196,STANDARD,35,268.0,404.7600000000001,1041.1400000000003,1.3055555555555556,1744,TRK1744,10474.0,10473.5,41.47788574480364
ORD0000409,434,10433.894272478654,STANDARD,18,100.0,175.54999999999998,449.60999999999996,1.3888888888888888,1744,TRK1744,10474.0,10473.5,39.605727521346125
ORD0000410,434,10429.248237268343,NEXT_DAY,28,243.0,380.03,469.1700000000001,1.2413793103448276,1740,TRK1740,10450.0,10449.5,20.251762731657436
ORD0000411,434,10433.549699944244,STANDARD,21,141.0,299.9899999999999,1148.7200000000005,1.2727272727272727,1744,TRK1744,10474.0,10473.5,39.95030005575609
ORD0000412,434,10429.986486955338,NEXT_DAY,11,57.0,72.56,132.10999999999996,1.3636363636363635,1740,TRK1740,10450.0,10449.5,19.513513044661522
ORD0000413,434,10424.259068328618,SAME_DAY,20,322.0,1018.0899999999998,1321.0599999999997,1.2857142857142858,1736,TRK1736,10426.0,10425.5,1.2409316713819862
ORD0000414,434,10429.698187694004,NEXT_DAY,42,439.0,900.6000000000003,1970.0100000000002,1.3541666666666667,1740,TRK1740,10450.0,10449.5,19.801812305995554
ORD0000415,434,10436.60346206333,SAME_DAY,1,3.0,14.49,6.27,1.0,1741,TRK1741,10454.0,10453.5,16.89653793666912
ORD0000416,434,10426.007016273936,SAME_DAY,6,26.0,55.16,40.769999999999996,1.3333333333333333,1737,TRK1737,10430.0,10429.5,3.492983726064267
ORD0000417,434,10430.01182601552,NEXT_DAY,11,160.0,390.71000000000004,841.97,1.2727272727272727,1740,TRK1740,10450.0,10449.5,19.488173984480454
ORD0000418,434,10428.747261780898,STANDARD,19,448.0,1397.32,1649.9699999999998,1.4210526315789473,1743,TRK1743,10462.0,10461.5,32.75273821910196
ORD0000419,434,10432.526465923553,STANDARD,28,87.0,195.70999999999998,594.35,1.2857142857142858,1744,TRK1744,10474.0,10473.5,40.97353407644732
ORD0000420,434,10430.849364620564,NEXT_DAY,16,71.0,78.66000000000003,894.43,1.3125,1740,TRK1740,10450.0,10449.5,18.6506353794357
ORD0000421,434,10427.032297679953,STANDARD,15,235.0,322.91999999999996,720.69,1.25,1742,TRK1742,10458.0,10457.5,30.467702320047465
ORD0000422,434,10434.285834457762,NEXT_DAY,4,7.0,5.9,49.62,1.25,1740,TRK1740,10450.0,10449.5,15.214165542238334
ORD0000423,434,10439.077634197121,NEXT_DAY,5,82.0,122.63,60.42999999999999,1.6,1741,TRK1741,10454.0,10453.5,14.42236580287863
ORD0000424,434,10427.760868133604,SAME_DAY,17,134.0,411.16999999999996,674.5299999999999,1.411764705882353,1737,TRK1737,10430.0,10429.5,1.7391318663958373
ORD0000425,434,10429.116582324585,STANDARD,44,561.0,813.3199999999997,2758.52,1.3617021276595744,1743,TRK1743,10462.0,10461.5,32.38341767541533
ORD0000426,434,10421.591494324382,NEXT_DAY,56,920.0,813.7799999999999,1717.0900000000001,1.180327868852459,1738,TRK1738,10434.0,10433.5,11.908505675617562
ORD0000427,434,10431.204169401683,STANDARD,1,2.0,6.28,0.56,1.0,1743,TRK1743,10462.0,10461.5,30.29583059831748
ORD0000428,434,10432.723924705599,SAME_DAY,25,177.0,240.53999999999996,846.2,1.28,1739,TRK1739,10438.0,10437.5,4.77607529440138
ORD0000429,434,10421.374580742675,SAME_DAY,57,895.0,948.24,1711.2600000000002,1.3389830508474576,1736,TRK1736,10426.0,10425.5,4.12541925732512
ORD0000430,434,10435.801527537575,SAME_DAY,18,273.0,220.49999999999997,454.30000000000007,1.3888888888888888,1739,TRK1739,10438.0,10437.5,1.698472462425343
ORD0000431,434,10427.623174704624,SAME_DAY,3,12.0,38.3,59.260000000000005,1.3333333333333333,1737,TRK1737,10430.0,10429.5,1.8768252953759657
ORD0000432,434,10432.593698984498,NEXT_DAY,1,6.0,2.16,12.899999999999999,2.0,1740,TRK1740,10450.0,10449.5,16.906301015502322
ORD0000433,434,10432.058966584058,NEXT_DAY,12,140.0,291.06999999999994,721.0299999999999,1.2142857142857142,1740,TRK1740,10450.0,10449.5,17.441033415942
ORD0000434,434,10425.975187241907,STANDARD,53,495.0,718.5200000000002,2325.0100000000007,1.4107142857142858,1742,TRK1742,10458.0,10457.5,31.524812758092594
ORD0000435,434,10428.348435300804,NEXT_DAY,20,113.0,264.82,987.6399999999999,1.3,1740,TRK1740,10450.0,10449.5,21.15156469919566
ORD0000436,434,10434.057593756053,STANDARD,20,138.0,249.07999999999998,578.9100000000001,1.3,1744,TRK1744,10474.0,10473.5,39.44240624394661
ORD0000437,434,10431.822025669968,NEXT_DAY,34,720.0,667.8900000000001,2246.9800000000005,1.3235294117647058,1740,TRK1740,10450.0,10449.5,17.677974330032157
ORD0000438,434,10437.400995765947,SAME_DAY,115,1366.0,2450.6400000000003,7520.010000000001,1.3511450381679388,1741,TRK1741,10454.0,10453.5,16.0990042340527
ORD0000439,434,10437.12035512907,NEXT_DAY,16,78.0,135.51999999999998,359.93,1.5,1741,TRK1741,10454.0,10453.5,16.37964487093086
ORD0000440,434,10431.33888976673,NEXT_DAY,13,144.0,530.28,158.52999999999997,1.2142857142857142,1740,TRK1740,10450.0,10449.5,18.161110233269937
ORD0000441,434,10431.765606125255,NEXT_DAY,21,205.0,527.06,789.67,1.4166666666666667,1740,TRK1740,10450.0,10449.5,17.734393874745365
ORD0000442,434,10430.26896174739,NEXT_DAY,22,131.0,171.48000000000002,871.1400000000001,1.2272727272727273,1740,TRK1740,10450.0,10449.5,19.231038252610233
ORD0000443,434,10433.212609143344,NEXT_DAY,16,79.0,191.12,332.58000000000004,1.1875,1740,TRK1740,10450.0,10449.5,16.287390856656202
ORD0000444,434,10432.142424281468,STANDARD,4,16.0,15.58,46.82,1.5,1744,TRK1744,10474.0,10473.5,41.357575718531734
ORD0000445,434,10423.865311646017,NEXT_DAY,6,64.0,68.47,637.3,1.1666666666666667,1739,TRK1739,10438.0,10437.5,13.63468835398271
ORD0000446,434,10430.586306870679,STANDARD,30,327.0,1340.3300000000002,1405.3899999999999,1.09375,1743,TRK1743,10462.0,10461.5,30.913693129321473
ORD0000447,434,10429.088346944822,NEXT_DAY,2,22.0,35.980000000000004,63.16,1.0,1740,TRK1740,10450.0,10449.5,20.41165305517825
ORD0000448,434,10426.407643371924,STANDARD,14,106.0,160.99999999999997,1129.18,1.2857142857142858,1742,TRK1742,10458.0,10457.5,31.09235662807623
ORD0000449,434,10424.998407215426,SAME_DAY,31,257.0,508.79999999999984,686.1800000000002,1.3225806451612903,1737,TRK1737,10430.0,10429.5,4.5015927845743136
ORD0000450,434,10433.674335409163,SAME_DAY,10,156.0,170.02,714.3800000000001,1.1,1739,TRK1739,10438.0,10437.5,3.8256645908368228
ORD0000451,434,10428.208120616726,STANDARD,42,341.0,891.0399999999998,2470.460000000001,1.3255813953488371,1743,TRK1743,10462.0,10461.5,33.291879383274136
ORD0000452,434,10438.088336337994,STANDARD,14,77.0,186.72000000000006,368.77000000000004,1.1333333333333333,1744,TRK1744,10474.0,10473.5,35.411663662005594
ORD0000453,434,10431.095420909249,STANDARD,23,165.0,404.36,915.4000000000001,1.24,1743,TRK1743,10462.0,10461.5,30.404579090751213
ORD0000454,434,10423.10203814807,STANDARD,18,108.0,85.26,570.8999999999999,1.3888888888888888,1741,TRK1741,10454.0,10453.5,30.397961851929722
ORD0000455,434,10426.445146201047,STANDARD,18,241.0,155.82999999999998,944.2,1.3888888888888888,1742,TRK1742,10458.0,10457.5,31.054853798952536
ORD0000456,434,10431.189134499347,SAME_DAY,31,390.0,738.7199999999998,2111.26,1.2941176470588236,1738,TRK1738,10434.0,10433.5,2.3108655006526533
ORD0000457,434,10433.279108112027,NEXT_DAY,14,109.0,155.52,190.88000000000002,1.3571428571428572,1740,TRK1740,10450.0,10449.5,16.220891887973266
ORD0000458,434,10427.57521437561,NEXT_DAY,77,1202.0,2640.270000000001,6499.41,1.3111111111111111,1740,TRK1740,10450.0,10449.5,21.924785624389187
ORD0000459,434,10425.804683334845,STANDARD,16,453.0,333.71999999999997,1519.6799999999998,1.5625,1742,TRK1742,10458.0,10457.5,31.695316665154678
ORD0000460,434,10426.484608095809,STANDARD,10,43.0,67.5,189.15,1.2,1742,TRK1742,10458.0,10457.5,31.015391904191347
ORD0000461,434,10423.413171606262,STANDARD,21,337.0,330.15000000000003,1578.4799999999998,1.4285714285714286,1741,TRK1741,10454.0,10453.5,30.08682839373796
ORD0000462,434,10429.726490799083,NEXT_DAY,3,35.0,43.2,76.73000000000002,1.0,1740,TRK1740,10450.0,10449.5,19.773509200917033
ORD0000463,434,10431.104915285996,STANDARD,5,134.0,516.98,2046.43,1.2,1743,TRK1743,10462.0,10461.5,30.395084714004042
ORD0000464,434,10429.01174426513,SAME_DAY,34,234.0,353.57,724.7799999999999,1.3823529411764706,1738,TRK1738,10434.0,10433.5,4.488255734870108
ORD0000465,434,10434.660210563452,STANDARD,13,190.0,693.0799999999999,536.95,1.5384615384615385,1744,TRK1744,10474.0,10473.5,38.83978943654802
ORD0000466,434,10433.637054842473,NEXT_DAY,11,68.0,193.79,256.08,1.1818181818181819,1740,TRK1740,10450.0,10449.5,15.862945157527065
ORD0000467,434,10432.694216417172,NEXT_DAY,4,24.0,81.66,60.24,1.0,1740,TRK1740,10450.0,10449.5,16.805783582827644
ORD0000468,434,10435.457680020485,NEXT_DAY,33,161.0,218.49000000000004,699.04,1.3055555555555556,1740,TRK1740,10450.0,10449.5,14.042319979515014
ORD0000469,434,10427.539490905914,NEXT_DAY,13,100.0,190.38000000000002,324.65,1.2307692307692308,1740,TRK1740,10450.0,10449.5,21.960509094085864
ORD0000470,434,10423.100343871749,NEXT_DAY,4,54.0,49.08,431.76,1.25,1739,TRK1739,10438.0,10437.5,14.399656128251081
ORD0000471,434,10425.23740774665,STANDARD,1,12.0,19.56,86.16,1.0,1742,TRK1742,10458.0,10457.5,32.262592253349794
ORD0000472,434,10432.469957754938,NEXT_DAY,23,237.0,607.0799999999999,1394.22,1.2173913043478262,1740,TRK1740,10450.0,10449.5,17.03004224506185
ORD0000473,434,10430.837508207715,SAME_DAY,15,375.0,509.65999999999997,2028.5100000000002,1.3333333333333333,1738,TRK1738,10434.0,10433.5,2.6624917922854365
ORD0000474,434,10430.844591994557,NEXT_DAY,26,152.0,286.39,719.92,1.4444444444444444,1740,TRK1740,10450.0,10449.5,18.65540800544295
ORD0000475,434,10425.083828135916,STANDARD,8,67.0,110.75,66.97,1.25,1742,TRK1742,10458.0,10457.5,32.41617186408439
ORD0000476,434,10430.776632084297,STANDARD,18,387.0,979.85,1652.1899999999998,1.2222222222222223,1743,TRK1743,10462.0,10461.5,30.72336791570342
ORD0000477,434,10431.566155626322,STANDARD,18,136.0,200.81999999999996,413.03,1.2222222222222223,1743,TRK1743,10462.0,10461.5,29.933844373677857
ORD0000478,434,10435.97418168657,STANDARD,33,268.0,392.37999999999994,2304.94,1.3421052631578947,1744,TRK1744,10474.0,10473.5,37.525818313430136
ORD0000479,434,10431.837397482012,SAME_DAY,22,160.0,225.29000000000005,801.4299999999998,1.391304347826087,1738,TRK1738,10434.0,10433.5,1.6626025179884891
ORD0000480,434,10428.311409420294,STANDARD,11,121.0,172.35,869.6299999999999,1.1818181818181819,1743,TRK1743,10462.0,10461.5,33.188590579706215
ORD0000481,434,10426.669510486703,NEXT_DAY,20,139.0,400.59000000000003,1245.01,1.45,1740,TRK1740,10450.0,10449.5,22.830489513296925
ORD0000482,434,10426.029111715094,NEXT_DAY,29,173.0,326.63000000000005,622.1899999999999,1.28125,1740,TRK1740,10450.0,10449.5,23.470888284906323
ORD0000483,434,10432.335215313691,NEXT_DAY,14,93.0,151.39000000000001,664.14,1.1428571428571428,1740,TRK1740,10450.0,10449.5,17.16478468630885
ORD0000484,434,10431.414742192233,NEXT_DAY,1,1.0,6.77,0.1,1.0,1740,TRK1740,10450.0,10449.5,18.08525780776654
ORD0000485,434,10435.701635303856,SAME_DAY,23,199.0,312.88,525.4300000000001,1.3846153846153846,1739,TRK1739,10438.0,10437.5,1.7983646961438353
ORD0000486,434,10431.83401126894,NEXT_DAY,7,163.0,249.69,35.4,1.5714285714285714,1740,TRK1740,10450.0,10449.5,17.66598873105977
ORD0000487,434,10425.304821628675,NEXT_DAY,1,1.0,3.34,7.8,1.0,1739,TRK1739,10438.0,10437.5,12.1951783713248
ORD0000488,434,10431.511912904467,NEXT_DAY,40,310.0,401.21,1560.6299999999999,1.3658536585365855,1740,TRK1740,10450.0,10449.5,17.988087095533047
ORD0000489,434,10428.486278497348,NEXT_DAY,22,240.0,488.90999999999997,1278.7600000000002,1.3181818181818181,1740,TRK1740,10450.0,10449.5,21.013721502651606
ORD0000490,434,10430.485527345945,SAME_DAY,29,252.0,369.65999999999997,1084.43,1.3,1738,TRK1738,10434.0,10433.5,3.014472654054771
ORD0000491,434,10433.103508080609,SAME_DAY,154,2140.0,5104.570000000001,5860.879999999999,1.3227513227513228,1739,TRK1739,10438.0,10437.5,4.396491919391337
ORD0000492,434,10430.90808084979,NEXT_DAY,4,31.0,69.86,460.14,1.5,1740,TRK1740,10450.0,10449.5,18.591919150210742
ORD0000493,434,10423.790618084997,NEXT_DAY,25,443.0,403.85,3175.3399999999992,1.28,1739,TRK1739,10438.0,10437.5,13.709381915003178
ORD0000494,434,10435.081455351603,STANDARD,55,473.0,987.4799999999998,1830.65,1.3166666666666667,1744,TRK1744,10474.0,10473.5,38.418544648397074
ORD0000495,434,10430.922188846318,NEXT_DAY,19,238.0,618.4200000000001,1109.8899999999999,1.45,1740,TRK1740,10450.0,10449.5,18.577811153681978
ORD0000496,434,10428.768600041078,STANDARD,21,132.0,259.48999999999995,211.60999999999999,1.3636363636363635,1743,TRK1743,10462.0,10461.5,32.73139995892234
ORD0000497,434,10432.147122849958,STANDARD,13,75.0,148.41000000000003,189.6,1.3076923076923077,1744,TRK1744,10474.0,10473.5,41.35287715004233
ORD0000498,434,10424.12237545282,STANDARD,6,41.0,54.900000000000006,271.92,1.5,1742,TRK1742,10458.0,10457.5,33.37762454717995
ORD0000499,434,10432.349561380996,STANDARD,15,98.0,223.82999999999998,770.86,1.2666666666666666,1744,TRK1744,10474.0,10473.5,41.15043861900449
