order_id,sku_id,units
ORD0000000,SKU0737,4
ORD0000000,SKU1004,48
ORD0000000,SKU1108,12
ORD0000000,SKU1135,1
ORD0000000,SKU1159,2
ORD0000001,SKU0112,1
ORD0000001,SKU0314,2
ORD0000001,SKU0651,12
ORD0000001,SKU0842,8
ORD0000001,SKU1135,4
ORD0000001,SKU1177,1
ORD0000001,SKU1245,4
ORD0000001,SKU1653,1
ORD0000001,SKU1680,20
ORD0000001,SKU2122,2
ORD0000001,SKU2200,8
ORD0000001,SKU2279,12
ORD0000001,SKU2352,2
ORD0000002,SKU0716,1
ORD0000002,SKU0955,1
ORD0000002,SKU1217,1
ORD0000002,SKU1223,1
ORD0000002,SKU1320,18
ORD0000002,SKU1774,2
ORD0000002,SKU1998,12
ORD0000002,SKU2205,2
ORD0000002,SKU2329,9
ORD0000003,SKU0089,2
ORD0000003,SKU0643,1
ORD0000003,SKU0709,2
ORD0000003,SKU0870,2
ORD0000003,SKU1222,24
ORD0000003,SKU1653,1
ORD0000003,SKU1897,4
ORD0000003,SKU2173,12
ORD0000003,SKU2270,5
ORD0000003,SKU2282,6
ORD0000003,SKU2333,1
ORD0000004,SKU0026,12
ORD0000004,SKU0141,2
ORD0000004,SKU0558,1
ORD0000004,SKU0567,1
ORD0000004,SKU0667,8
ORD0000004,SKU0712,4
ORD0000004,SKU0715,24
ORD0000004,SKU0911,8
ORD0000004,SKU1004,23
ORD0000004,SKU1034,6
ORD0000004,SKU1040,12
ORD0000004,SKU1169,10
ORD0000004,SKU1245,12
ORD0000004,SKU1716,1
ORD0000004,SKU1854,12
ORD0000004,SKU1940,1
ORD0000004,SKU1998,6
ORD0000004,SKU2329,1
ORD0000004,SKU2370,2
ORD0000004,SKU2393,12
ORD0000005,SKU1106,1
ORD0000005,SKU1157,1
ORD0000005,SKU1796,2
ORD0000006,SKU0614,2
ORD0000006,SKU1577,24
ORD0000007,SKU0040,2
ORD0000007,SKU0142,1
ORD0000007,SKU0198,4
ORD0000007,SKU0290,2
ORD0000007,SKU0291,2
ORD0000007,SKU0292,1
ORD0000007,SKU0322,24
ORD0000007,SKU0406,1
ORD0000007,SKU0429,1
ORD0000007,SKU0508,12
ORD0000007,SKU0511,6
ORD0000007,SKU0558,2
ORD0000007,SKU0586,6
ORD0000007,SKU0614,1
ORD0000007,SKU0616,1
ORD0000007,SKU0730,4
ORD0000007,SKU0732,2
ORD0000007,SKU0775,1
ORD0000007,SKU0776,1
ORD0000007,SKU0916,1
ORD0000007,SKU0929,6
ORD0000007,SKU0938,6
ORD0000007,SKU0979,1
ORD0000007,SKU0985,3
ORD0000007,SKU1009,13
ORD0000007,SKU1309,4
ORD0000007,SKU1325,2
ORD0000007,SKU1327,1
ORD0000007,SKU1467,4
ORD0000007,SKU1538,1
ORD0000007,SKU1637,9
ORD0000007,SKU1653,12
ORD0000007,SKU1676,8
ORD0000007,SKU1679,36
ORD0000007,SKU1691,1
ORD0000007,SKU1705,6
ORD0000007,SKU1758,12
ORD0000007,SKU1798,1
ORD0000007,SKU1932,24
ORD0000007,SKU1945,1
ORD0000007,SKU1998,1
ORD0000007,SKU1999,12
ORD0000007,SKU2058,7
ORD0000007,SKU2072,9
ORD0000007,SKU2166,2
ORD0000007,SKU2188,12
ORD0000007,SKU2286,1
ORD0000007,SKU2327,12
ORD0000007,SKU2328,25
ORD0000007,SKU2329,8
ORD0000008,SKU0189,6
ORD0000008,SKU0269,1
ORD0000008,SKU0352,3
ORD0000008,SKU0579,12
ORD0000008,SKU0675,1
ORD0000008,SKU0732,3
ORD0000008,SKU0738,6
ORD0000008,SKU0756,20
ORD0000008,SKU0985,81
ORD0000008,SKU1040,12
ORD0000008,SKU1098,1
ORD0000008,SKU1294,2
ORD0000008,SKU1497,12
ORD0000008,SKU1500,3
ORD0000008,SKU1599,12
ORD0000008,SKU1834,1
ORD0000008,SKU1850,4
ORD0000008,SKU1977,12
ORD0000008,SKU1998,4
ORD0000008,SKU2137,24
ORD0000008,SKU2200,6
ORD0000008,SKU2225,4
ORD0000008,SKU2370,5
ORD0000008,SKU2386,6
ORD0000008,SKU2393,1
ORD0000009,SKU0087,6
ORD0000009,SKU0415,6
ORD0000009,SKU0616,4
ORD0000009,SKU0657,12
ORD0000009,SKU0732,2
ORD0000009,SKU1600,2
ORD0000009,SKU1702,1
ORD0000009,SKU1848,1
ORD0000009,SKU1990,1
ORD0000009,SKU2067,3
ORD0000009,SKU2275,1
ORD0000009,SKU2329,1
ORD0000009,SKU2371,1
ORD0000010,SKU0558,20
ORD0000011,SKU0177,1
ORD0000011,SKU0186,5
ORD0000011,SKU0261,3
ORD0000011,SKU0314,6
ORD0000011,SKU0345,48
ORD0000011,SKU0479,4
ORD0000011,SKU0558,12
ORD0000011,SKU0870,20
ORD0000011,SKU0887,2
ORD0000011,SKU1044,1
ORD0000011,SKU1157,5
ORD0000011,SKU1169,6
ORD0000011,SKU1181,72
ORD0000011,SKU1204,4
ORD0000011,SKU1274,12
ORD0000011,SKU1290,24
ORD0000011,SKU1480,4
ORD0000011,SKU1530,12
ORD0000011,SKU1538,1
ORD0000011,SKU1664,2
ORD0000011,SKU1818,10
ORD0000011,SKU1861,2
ORD0000011,SKU1866,1
ORD0000011,SKU1878,4
ORD0000011,SKU2003,9
ORD0000011,SKU2225,2
ORD0000011,SKU2297,1
ORD0000011,SKU2327,2
ORD0000011,SKU2352,8
ORD0000012,SKU0011,120
ORD0000012,SKU0087,1
ORD0000012,SKU0119,4
ORD0000012,SKU0208,2
ORD0000012,SKU0247,1
ORD0000012,SKU0264,1
ORD0000012,SKU0271,24
ORD0000012,SKU0314,1
ORD0000012,SKU0429,3
ORD0000012,SKU0481,3
ORD0000012,SKU0716,6
ORD0000012,SKU0740,2
ORD0000012,SKU0744,1
ORD0000012,SKU0793,11
ORD0000012,SKU0884,2
ORD0000012,SKU0964,2
ORD0000012,SKU0972,1
ORD0000012,SKU1098,4
ORD0000012,SKU1298,6
ORD0000012,SKU1327,1
ORD0000012,SKU1334,12
ORD0000012,SKU1429,3
ORD0000012,SKU1474,1
ORD0000012,SKU1483,4
ORD0000012,SKU1569,4
ORD0000012,SKU1579,4
ORD0000012,SKU1653,16
ORD0000012,SKU1671,2
ORD0000012,SKU1690,10
ORD0000012,SKU1774,12
ORD0000012,SKU1823,3
ORD0000012,SKU2025,48
ORD0000012,SKU2067,12
ORD0000012,SKU2082,2
ORD0000012,SKU2180,12
ORD0000012,SKU2243,25
ORD0000012,SKU2276,2
ORD0000012,SKU2297,1
ORD0000012,SKU2328,1
ORD0000012,SKU2329,4
ORD0000012,SKU2370,74
ORD0000012,SKU2393,11
ORD0000013,SKU0011,12
ORD0000013,SKU0029,1
ORD0000013,SKU0112,3
ORD0000013,SKU0115,1
ORD0000013,SKU0186,13
ORD0000013,SKU0223,1
ORD0000013,SKU0247,12
ORD0000013,SKU0251,6
ORD0000013,SKU0406,16
ORD0000013,SKU0511,6
ORD0000013,SKU0747,1
ORD0000013,SKU0797,24
ORD0000013,SKU0854,2
ORD0000013,SKU0931,8
ORD0000013,SKU0954,18
ORD0000013,SKU0969,2
ORD0000013,SKU0972,16
ORD0000013,SKU0979,4
ORD0000013,SKU1004,5
ORD0000013,SKU1022,10
ORD0000013,SKU1040,1
ORD0000013,SKU1172,6
ORD0000013,SKU1192,1
ORD0000013,SKU1232,36
ORD0000013,SKU1295,1
ORD0000013,SKU1316,6
ORD0000013,SKU1335,2
ORD0000013,SKU1391,23
ORD0000013,SKU1492,6
ORD0000013,SKU1500,1
ORD0000013,SKU1507,6
ORD0000013,SKU1599,10
ORD0000013,SKU1604,1
ORD0000013,SKU1673,7
ORD0000013,SKU1685,24
ORD0000013,SKU1716,1
ORD0000013,SKU1744,12
ORD0000013,SKU1748,6
ORD0000013,SKU1774,1
ORD0000013,SKU1815,12
ORD0000013,SKU1850,32
ORD0000013,SKU1860,1
ORD0000013,SKU1874,2
ORD0000013,SKU1965,3
ORD0000013,SKU2017,13
ORD0000013,SKU2038,1
ORD0000013,SKU2072,20
ORD0000013,SKU2082,4
ORD0000013,SKU2092,1
ORD0000013,SKU2097,12
ORD0000013,SKU2147,24
ORD0000013,SKU2173,2
ORD0000013,SKU2297,4
ORD0000013,SKU2315,12
ORD0000013,SKU2370,6
ORD0000014,SKU0243,2
ORD0000014,SKU0258,2
ORD0000014,SKU0627,4
ORD0000014,SKU1098,5
ORD0000014,SKU1144,1
ORD0000014,SKU1221,1
ORD0000014,SKU1612,48
ORD0000014,SKU1653,3
ORD0000014,SKU1943,24
ORD0000014,SKU1990,2
ORD0000014,SKU1998,1
ORD0000014,SKU2295,24
ORD0000014,SKU2298,1
ORD0000014,SKU2315,1
ORD0000014,SKU2380,4
ORD0000014,SKU2400,5
ORD0000015,SKU0007,1
ORD0000015,SKU0073,120
ORD0000015,SKU0250,1
ORD0000015,SKU0269,13
ORD0000015,SKU0334,4
ORD0000015,SKU0624,2
ORD0000015,SKU0675,2
ORD0000015,SKU0733,2
ORD0000015,SKU0855,12
ORD0000015,SKU0952,1
ORD0000015,SKU1014,1
ORD0000015,SKU1058,1
ORD0000015,SKU1066,36
ORD0000015,SKU1098,14
ORD0000015,SKU1224,4
ORD0000015,SKU1225,1
ORD0000015,SKU1371,12
ORD0000015,SKU1639,12
ORD0000015,SKU1700,4
ORD0000015,SKU1850,2
ORD0000015,SKU1960,7
ORD0000015,SKU1966,48
ORD0000015,SKU2111,1
ORD0000015,SKU2116,4
ORD0000015,SKU2209,5
ORD0000015,SKU2228,1
ORD0000016,SKU0037,2
ORD0000016,SKU1412,12
ORD0000016,SKU1577,12
ORD0000016,SKU1796,6
ORD0000016,SKU2023,4
ORD0000016,SKU2179,192
ORD0000016,SKU2279,3
ORD0000016,SKU2400,2
ORD0000017,SKU0254,3
ORD0000017,SKU0291,1
ORD0000017,SKU0352,24
ORD0000017,SKU0381,2
ORD0000017,SKU0396,2
ORD0000017,SKU0422,6
ORD0000017,SKU0644,14
ORD0000017,SKU0665,12
ORD0000017,SKU0712,1
ORD0000017,SKU0756,36
ORD0000017,SKU0772,5
ORD0000017,SKU0786,4
ORD0000017,SKU0870,1
ORD0000017,SKU0916,8
ORD0000017,SKU1226,48
ORD0000017,SKU1636,4
ORD0000017,SKU1653,1
ORD0000017,SKU1663,12
ORD0000017,SKU1664,24
ORD0000017,SKU1705,7
ORD0000017,SKU1795,1
ORD0000017,SKU1850,1
ORD0000017,SKU1854,7
ORD0000017,SKU2082,1
ORD0000017,SKU2168,1
ORD0000017,SKU2240,12
ORD0000017,SKU2329,2
ORD0000018,SKU0018,2
ORD0000018,SKU0198,18
ORD0000018,SKU0444,1
ORD0000018,SKU0788,1
ORD0000018,SKU0940,1
ORD0000018,SKU1483,1
ORD0000018,SKU1578,4
ORD0000018,SKU1848,12
ORD0000019,SKU0290,6
ORD0000019,SKU0344,1
ORD0000019,SKU0710,2
ORD0000019,SKU0715,1
ORD0000019,SKU0732,1
ORD0000019,SKU0761,3
ORD0000019,SKU1177,6
ORD0000019,SKU1604,4
ORD0000019,SKU1639,2
ORD0000019,SKU1689,12
ORD0000019,SKU1868,3
ORD0000019,SKU2104,6
ORD0000019,SKU2279,6
ORD0000019,SKU2329,1
ORD0000019,SKU2398,120
ORD0000020,SKU1763,12
ORD0000021,SKU0094,6
ORD0000021,SKU0124,2
ORD0000021,SKU0173,1
ORD0000021,SKU0178,1
ORD0000021,SKU0203,3
ORD0000021,SKU0269,12
ORD0000021,SKU0290,2
ORD0000021,SKU0291,2
ORD0000021,SKU0314,1
ORD0000021,SKU0329,2
ORD0000021,SKU0369,10
ORD0000021,SKU0516,2
ORD0000021,SKU0517,1
ORD0000021,SKU0770,12
ORD0000021,SKU0891,8
ORD0000021,SKU1040,1
ORD0000021,SKU1066,250
ORD0000021,SKU1098,1
ORD0000021,SKU1169,4
ORD0000021,SKU1204,24
ORD0000021,SKU1238,1
ORD0000021,SKU1795,5
ORD0000021,SKU1861,12
ORD0000021,SKU2013,30
ORD0000021,SKU2070,2
ORD0000021,SKU2225,1
ORD0000021,SKU2292,12
ORD0000021,SKU2328,8
ORD0000021,SKU2393,36
ORD0000022,SKU0037,1
ORD0000022,SKU0290,1
ORD0000022,SKU0531,24
ORD0000022,SKU0543,4
ORD0000022,SKU0811,16
ORD0000022,SKU0821,2
ORD0000022,SKU1273,2
ORD0000022,SKU1462,2
ORD0000022,SKU1679,12
ORD0000022,SKU1943,1
ORD0000022,SKU2104,12
ORD0000023,SKU0018,2
ORD0000023,SKU0305,12
ORD0000023,SKU0356,1
ORD0000023,SKU1004,2
ORD0000023,SKU1224,10
ORD0000023,SKU1653,3
ORD0000023,SKU1676,10
ORD0000023,SKU1907,1
ORD0000023,SKU2328,15
ORD0000023,SKU2370,1
ORD0000024,SKU0037,12
ORD0000024,SKU0314,2
ORD0000024,SKU0324,1
ORD0000024,SKU0689,1
ORD0000024,SKU1273,1
ORD0000024,SKU1329,4
ORD0000024,SKU2070,48
ORD0000024,SKU2295,12
ORD0000025,SKU0085,6
ORD0000025,SKU0230,2
ORD0000025,SKU0269,4
ORD0000025,SKU0313,6
ORD0000025,SKU0508,48
ORD0000025,SKU0511,6
ORD0000025,SKU0558,5
ORD0000025,SKU0594,1
ORD0000025,SKU0891,10
ORD0000025,SKU0911,24
ORD0000025,SKU0932,48
ORD0000025,SKU0938,10
ORD0000025,SKU0940,8
ORD0000025,SKU1044,12
ORD0000025,SKU1106,2
ORD0000025,SKU1245,2
ORD0000025,SKU1327,7
ORD0000025,SKU1491,1
ORD0000025,SKU1510,1
ORD0000025,SKU1794,2
ORD0000025,SKU1795,13
ORD0000025,SKU1848,24
ORD0000025,SKU1936,16
ORD0000025,SKU1954,10
ORD0000025,SKU1998,1
ORD0000025,SKU2104,6
ORD0000025,SKU2180,5
ORD0000025,SKU2202,1
ORD0000025,SKU2242,6
ORD0000025,SKU2315,12
ORD0000025,SKU2369,24
ORD0000025,SKU2393,10
ORD0000026,SKU0090,3
ORD0000026,SKU0870,2
ORD0000026,SKU1003,2
ORD0000026,SKU1192,12
ORD0000026,SKU1391,4
ORD0000026,SKU1731,6
ORD0000026,SKU2200,1
ORD0000026,SKU2328,12
ORD0000026,SKU2332,2
ORD0000027,SKU0145,12
ORD0000027,SKU0511,1
ORD0000027,SKU0855,24
ORD0000027,SKU0880,1
ORD0000027,SKU0940,25
ORD0000027,SKU1004,4
ORD0000027,SKU1098,1
ORD0000027,SKU1306,12
ORD0000027,SKU1333,10
ORD0000027,SKU1531,2
ORD0000027,SKU1992,12
ORD0000027,SKU2180,30
ORD0000027,SKU2228,1
ORD0000027,SKU2335,10
ORD0000027,SKU2370,4
ORD0000028,SKU0190,1
ORD0000028,SKU0217,1
ORD0000028,SKU0230,12
ORD0000028,SKU0267,4
ORD0000028,SKU0269,1
ORD0000028,SKU0409,24
ORD0000028,SKU0548,2
