receipt_id,day,arrival_h,sku_id,units
RCV04310000,431,10353.836750911625,SKU0030,26
RCV04310001,431,10355.217032537537,SKU0044,1
RCV04310002,431,10356.195358682002,SKU0074,11
RCV04310003,431,10357.874158283912,SKU0100,1
RCV04310004,431,10355.339674270941,SKU0108,174
RCV04310005,431,10355.711219709226,SKU0112,2025
RCV04310006,431,10358.0124914798,SKU0114,2
RCV04310007,431,10359.28890412832,SKU0125,58
RCV04310008,431,10352.222971666348,SKU0145,47
RCV04310009,431,10351.416537687424,SKU0155,16
RCV04310010,431,10355.539317397841,SKU0175,154
RCV04310011,431,10358.299381205718,SKU0176,12
RCV04310012,431,10359.422360573299,SKU0197,125
RCV04310013,431,10358.740104373204,SKU0203,28
RCV04310014,431,10350.892287203444,SKU0225,3
RCV04310015,431,10359.459898375335,SKU0226,1
RCV04310016,431,10356.41647896881,SKU0237,2
RCV04310017,431,10356.833283142554,SKU0250,370
RCV04310018,431,10353.13817936937,SKU0257,29
RCV04310019,431,10354.78302642713,SKU0259,221
RCV04310020,431,10354.37061310104,SKU0277,180
RCV04310021,431,10351.19175142931,SKU0290,2019
RCV04310022,431,10354.924260025808,SKU0297,68
RCV04310023,431,10353.327758034186,SKU0310,58
RCV04310024,431,10358.418218400622,SKU0318,24
RCV04310025,431,10354.349511982962,SKU0326,217
RCV04310026,431,10354.878775024137,SKU0330,67
RCV04310027,431,10353.949019027721,SKU0341,35
RCV04310028,431,10359.501743767612,SKU0351,63
RCV04310029,431,10359.120851024187,SKU0355,5
RCV04310030,431,10355.024304356119,SKU0362,139
RCV04310031,431,10356.017678036027,SKU0391,52
RCV04310032,431,10355.575367197487,SKU0399,1
RCV04310033,431,10359.40267262743,SKU0445,125
RCV04310034,431,10350.537287388128,SKU0446,38
RCV04310035,431,10359.227623087387,SKU0449,124
RCV04310036,431,10353.51052993429,SKU0459,52
RCV04310037,431,10356.152949792979,SKU0474,23
RCV04310038,431,10351.08268783423,SKU0482,39
RCV04310039,431,10358.643418050739,SKU0489,698
RCV04310040,431,10351.118620987976,SKU0496,2
RCV04310041,431,10350.867989510174,SKU0500,65
RCV04310042,431,10351.235360409659,SKU0508,272
RCV04310043,431,10357.849578034575,SKU0526,227
RCV04310044,431,10359.550913910214,SKU0529,63
RCV04310045,431,10358.326137387316,SKU0538,81
RCV04310046,431,10359.49733502253,SKU0546,346
RCV04310047,431,10358.354364930768,SKU0550,64
RCV04310048,431,10351.882170085895,SKU0554,137
RCV04310049,431,10352.205546892912,SKU0560,46
RCV04310050,431,10359.276656334981,SKU0566,1
RCV04310051,431,10356.32950085237,SKU0569,43
RCV04310052,431,10351.609522062183,SKU0600,7
RCV04310053,431,10354.627821521315,SKU0636,24
RCV04310054,431,10354.113174706192,SKU0638,23
RCV04310055,431,10357.655843712857,SKU0645,886
RCV04310056,431,10354.177756280335,SKU0649,940
RCV04310057,431,10358.750453379706,SKU0670,133
RCV04310058,431,10358.275386491148,SKU0671,7
RCV04310059,431,10355.682708317174,SKU0672,95
RCV04310060,431,10354.974648911424,SKU0680,255
RCV04310061,431,10353.81014974023,SKU0708,193
RCV04310062,431,10352.783571268223,SKU0718,2
RCV04310063,431,10359.741086089063,SKU0724,7
RCV04310064,431,10353.330177624259,SKU0738,105
RCV04310065,431,10357.012989451385,SKU0743,12
RCV04310066,431,10355.992685106863,SKU0779,131
RCV04310067,431,10354.691911574399,SKU0783,165
RCV04310068,431,10355.193730024253,SKU0790,21
RCV04310069,431,10354.775227218588,SKU0793,1732
RCV04310070,431,10354.592854517152,SKU0798,1493
RCV04310071,431,10350.332064840975,SKU0815,520
RCV04310072,431,10356.807585399365,SKU0823,12
RCV04310073,431,10351.86617339624,SKU0871,145
RCV04310074,431,10353.981098114218,SKU0875,11
RCV04310075,431,10359.608655434096,SKU0877,214
RCV04310076,431,10358.203866226253,SKU0887,10
RCV04310077,431,10356.200412476159,SKU0896,2
RCV04310078,431,10353.859812315213,SKU0899,36
RCV04310079,431,10357.992085343121,SKU0906,653
RCV04310080,431,10352.939756180083,SKU0908,125
RCV04310081,431,10358.243287678559,SKU0913,4
RCV04310082,431,10355.04315866354,SKU0914,45
RCV04310083,431,10358.658562653074,SKU0942,495
RCV04310084,431,10355.648560731852,SKU0950,72
RCV04310085,431,10353.8654182686,SKU0954,593
RCV04310086,431,10350.402360052589,SKU0959,128
RCV04310087,431,10357.861420253626,SKU0960,213
RCV04310088,431,10359.006354697658,SKU0976,135
RCV04310089,431,10351.160053804173,SKU0984,5
RCV04310090,431,10354.263400973705,SKU0991,207
RCV04310091,431,10357.79115564285,SKU0995,39
RCV04310092,431,10356.023514714241,SKU1026,22
RCV04310093,431,10354.598937506544,SKU1034,329
RCV04310094,431,10355.21950008837,SKU1052,486
RCV04310095,431,10354.738673291411,SKU1056,1135
RCV04310096,431,10351.950928102335,SKU1065,97
RCV04310097,431,10353.046607708991,SKU1077,20
RCV04310098,431,10352.743356572228,SKU1083,397
RCV04310099,431,10354.667391641178,SKU1110,76
RCV04310100,431,10355.271256397788,SKU1111,3
RCV04310101,431,10357.235153352614,SKU1118,120
RCV04310102,431,10351.406256001637,SKU1123,15
RCV04310103,431,10350.560294579287,SKU1128,450
RCV04310104,431,10352.26001300455,SKU1131,7
RCV04310105,431,10356.76253024458,SKU1154,1
RCV04310106,431,10355.867499813034,SKU1157,933
RCV04310107,431,10359.27164402742,SKU1167,11
RCV04310108,431,10353.03646154937,SKU1181,451
RCV04310109,431,10356.029132714542,SKU1189,119
RCV04310110,431,10358.709537671484,SKU1221,2730
RCV04310111,431,10359.593028433932,SKU1224,171
RCV04310112,431,10354.484458214212,SKU1228,37
RCV04310113,431,10354.446527122536,SKU1238,125
RCV04310114,431,10359.244694769572,SKU1239,23
RCV04310115,431,10354.447926165396,SKU1249,5
RCV04310116,431,10352.877539849605,SKU1254,17
RCV04310117,431,10351.111966608278,SKU1260,1
RCV04310118,431,10355.981793276049,SKU1275,269
RCV04310119,431,10359.975017203735,SKU1286,2
RCV04310120,431,10357.718619177514,SKU1288,128
RCV04310121,431,10355.978399552765,SKU1313,49
RCV04310122,431,10359.342089377751,SKU1319,195
RCV04310123,431,10351.995465976566,SKU1335,187
RCV04310124,431,10350.98194395341,SKU1338,170
RCV04310125,431,10355.576397452947,SKU1340,221
RCV04310126,431,10356.000952473347,SKU1344,46
RCV04310127,431,10359.203311696974,SKU1349,217
RCV04310128,431,10351.053950730218,SKU1379,14
RCV04310129,431,10356.30329900919,SKU1397,10
RCV04310130,431,10356.092663244406,SKU1407,46
RCV04310131,431,10353.00803941504,SKU1418,12
RCV04310132,431,10358.406467891895,SKU1421,51
RCV04310133,431,10356.200864759358,SKU1431,102
RCV04310134,431,10353.35652776493,SKU1440,50
RCV04310135,431,10353.413679908135,SKU1453,58
RCV04310136,431,10359.370321826498,SKU1468,3
RCV04310137,431,10352.476685526824,SKU1478,97
RCV04310138,431,10354.419076136872,SKU1488,24
RCV04310139,431,10353.99992734691,SKU1490,138
RCV04310140,431,10359.019429869637,SKU1494,9
RCV04310141,431,10350.563282076677,SKU1504,1
RCV04310142,431,10351.131558224488,SKU1509,9
RCV04310143,431,10353.78203071392,SKU1530,341
RCV04310144,431,10353.30379164527,SKU1531,406
RCV04310145,431,10357.028979995071,SKU1544,1
RCV04310146,431,10354.683226715892,SKU1545,20
RCV04310147,431,10356.892505366179,SKU1552,28
RCV04310148,431,10358.650356895592,SKU1560,35
RCV04310149,431,10355.007826442219,SKU1569,144
RCV04310150,431,10355.607607465743,SKU1592,11
RCV04310151,431,10354.716712633171,SKU1593,154
RCV04310152,431,10358.613352138535,SKU1595,1
RCV04310153,431,10353.73163385846,SKU1604,377
RCV04310154,431,10358.020706013163,SKU1622,423
RCV04310155,431,10358.78198789641,SKU1623,5
RCV04310156,431,10354.674426111482,SKU1626,517
RCV04310157,431,10353.67909019842,SKU1642,120
RCV04310158,431,10357.150470567136,SKU1644,164
RCV04310159,431,10350.459759909283,SKU1662,104
RCV04310160,431,10353.122584637116,SKU1674,17
RCV04310161,431,10352.424611857292,SKU1691,222
RCV04310162,431,10357.349983427912,SKU1712,1
RCV04310163,431,10350.329597801596,SKU1716,718
RCV04310164,431,10356.113164644714,SKU1725,28
RCV04310165,431,10350.040383214118,SKU1735,27
RCV04310166,431,10354.756665122826,SKU1741,2
RCV04310167,431,10356.322359959311,SKU1758,707
RCV04310168,431,10359.667594755972,SKU1772,1
RCV04310169,431,10356.910928905456,SKU1803,34
RCV04310170,431,10353.64242355074,SKU1841,21
RCV04310171,431,10355.215427858937,SKU1852,328
RCV04310172,431,10350.721847961486,SKU1868,164
RCV04310173,431,10354.468679160336,SKU1879,15
RCV04310174,431,10353.06709704688,SKU1880,155
RCV04310175,431,10353.623090721469,SKU1897,1467
RCV04310176,431,10351.509532529019,SKU1901,4
RCV04310177,431,10350.140388785454,SKU1904,96
RCV04310178,431,10355.811476162482,SKU1914,9
RCV04310179,431,10358.353582036469,SKU1938,26
RCV04310180,431,10352.855303085436,SKU1952,11
RCV04310181,431,10354.247574478246,SKU1959,64
RCV04310182,431,10351.514455001425,SKU1973,12
RCV04310183,431,10352.095459751627,SKU1982,2
RCV04310184,431,10356.188203436142,SKU1991,1265
RCV04310185,431,10354.964735530635,SKU2013,75
RCV04310186,431,10356.540021045215,SKU2018,40
RCV04310187,431,10350.945975023924,SKU2037,24
RCV04310188,431,10353.286263191338,SKU2041,8
RCV04310189,431,10356.609586195802,SKU2059,229
RCV04310190,431,10359.11122212564,SKU2074,21
RCV04310191,431,10357.35213490234,SKU2082,742
RCV04310192,431,10355.225162719937,SKU2091,187
RCV04310193,431,10354.837093887274,SKU2108,465
RCV04310194,431,10352.560030699688,SKU2124,7
RCV04310195,431,10356.183384604721,SKU2131,3101
RCV04310196,431,10359.067348941284,SKU2136,95
RCV04310197,431,10352.48436062529,SKU2145,965
RCV04310198,431,10353.638430270741,SKU2161,49
RCV04310199,431,10353.789612104973,SKU2171,9
RCV04310200,431,10355.548327035125,SKU2176,6
RCV04310201,431,10350.587773999749,SKU2201,10
RCV04310202,431,10357.215023767088,SKU2205,2234
RCV04310203,431,10355.359450015445,SKU2219,551
RCV04310204,431,10351.832473666125,SKU2237,295
RCV04310205,431,10351.357127796866,SKU2242,271
RCV04310206,431,10350.30523841511,SKU2248,11
RCV04310207,431,10358.474110531555,SKU2251,1048
RCV04310208,431,10351.224445461052,SKU2252,303
RCV04310209,431,10359.190637060921,SKU2267,18
RCV04310210,431,10352.946594098716,SKU2306,44
RCV04310211,431,10355.922963949153,SKU2307,5
RCV04310212,431,10352.2463195612,SKU2310,26
RCV04310213,431,10357.84715136493,SKU2370,1521
RCV04310214,431,10351.134040528628,SKU2391,455
RCV04310215,431,10352.144105253763,SKU2393,7889
RCV04320000,432,10374.149016858999,SKU0003,1
RCV04320001,432,10374.904408463444,SKU0035,314
RCV04320002,432,10381.128836821308,SKU0052,82
RCV04320003,432,10381.106047384721,SKU0065,105
RCV04320004,432,10383.918682378471,SKU0070,7
RCV04320005,432,10378.9653838037,SKU0091,146
RCV04320006,432,10377.620709308525,SKU0093,12
RCV04320007,432,10375.715255100959,SKU0128,39
RCV04320008,432,10374.1026240513,SKU0130,84
RCV04320009,432,10379.606794551903,SKU0141,16
RCV04320010,432,10383.443769523883,SKU0150,1
RCV04320011,432,10381.25879664179,SKU0169,194
RCV04320012,432,10382.540599100155,SKU0183,96
RCV04320013,432,10381.911971090512,SKU0192,32
RCV04320014,432,10375.309030575709,SKU0195,1
RCV04320015,432,10380.008998674384,SKU0199,6
RCV04320016,432,10375.867729985175,SKU0200,238
RCV04320017,432,10377.977903440356,SKU0222,23
RCV04320018,432,10376.755815139704,SKU0238,20
RCV04320019,432,10380.0982602731,SKU0242,40
RCV04320020,432,10374.664206987642,SKU0263,127
RCV04320021,432,10378.42452282509,SKU0266,76
RCV04320022,432,10375.012608746767,SKU0275,72
RCV04320023,432,10379.885008610625,SKU0281,1837
RCV04320024,432,10375.983419516457,SKU0287,6
RCV04320025,432,10381.979654759061,SKU0374,152
RCV04320026,432,10378.744284067014,SKU0375,19
RCV04320027,432,10382.409254927978,SKU0379,5
RCV04320028,432,10375.843452410258,SKU0384,178
RCV04320029,432,10381.420130459554,SKU0386,5
RCV04320030,432,10382.843495368272,SKU0388,5
RCV04320031,432,10380.003639570476,SKU0415,120
RCV04320032,432,10380.849115157816,SKU0416,20
RCV04320033,432,10381.177757315569,SKU0423,832
RCV04320034,432,10380.326158226555,SKU0425,603
RCV04320035,432,10378.279358206473,SKU0429,169
RCV04320036,432,10381.261871688763,SKU0430,136
RCV04320037,432,10381.944504676881,SKU0446,35
RCV04320038,432,10375.182116006745,SKU0458,307
RCV04320039,432,10378.703379528892,SKU0477,519
RCV04320040,432,10377.236923220606,SKU0481,107
RCV04320041,432,10378.25529654949,SKU0490,5
RCV04320042,432,10378.497914816196,SKU0521,50
RCV04320043,432,10383.109518650108,SKU0528,104
RCV04320044,432,10379.17775743695,SKU0535,67
RCV04320045,432,10376.200947856212,SKU0536,230
RCV04320046,432,10382.623328216117,SKU0546,383
RCV04320047,432,10378.116127935666,SKU0552,71
RCV04320048,432,10376.684274242572,SKU0553,80
RCV04320049,432,10376.773640746944,SKU0557,27
RCV04320050,432,10380.199526468883,SKU0563,215
RCV04320051,432,10377.158270648113,SKU0565,12
RCV04320052,432,10382.640543184985,SKU0566,1
RCV04320053,432,10381.532846872075,SKU0567,64
RCV04320054,432,10380.844474837884,SKU0571,6
RCV04320055,432,10381.699666021885,SKU0587,205
RCV04320056,432,10376.306454600284,SKU0594,162
RCV04320057,432,10380.962657329625,SKU0599,61
RCV04320058,432,10374.235248663606,SKU0600,6
RCV04320059,432,10382.603488237522,SKU0610,88
RCV04320060,432,10376.048849295952,SKU0619,362
RCV04320061,432,10380.826132403537,SKU0622,123
RCV04320062,432,10383.30176769198,SKU0625,11
RCV04320063,432,10374.090541969244,SKU0627,392
RCV04320064,432,10382.755787048358,SKU0629,83
RCV04320065,432,10378.236536081087,SKU0647,180
RCV04320066,432,10377.117940725777,SKU0654,33
RCV04320067,432,10377.495747095942,SKU0678,2
RCV04320068,432,10382.476360909248,SKU0686,3
RCV04320069,432,10376.128999416784,SKU0690,35
RCV04320070,432,10374.475579913873,SKU0707,15
RCV04320071,432,10382.627722167848,SKU0713,32
RCV04320072,432,10379.367105794396,SKU0733,495
RCV04320073,432,10378.600114999806,SKU0738,83
RCV04320074,432,10380.834086010766,SKU0744,199
RCV04320075,432,10383.145036531867,SKU0756,744
RCV04320076,432,10380.39284143428,SKU0761,659
RCV04320077,432,10380.587461495155,SKU0767,388
RCV04320078,432,10381.266568133748,SKU0770,368
RCV04320079,432,10383.121156085126,SKU0778,16
RCV04320080,432,10379.683954318249,SKU0786,46
RCV04320081,432,10377.121062387463,SKU0794,24
RCV04320082,432,10383.84130812321,SKU0795,6
RCV04320083,432,10380.783097106816,SKU0801,36
RCV04320084,432,10377.79945548645,SKU0807,16
RCV04320085,432,10380.966199821001,SKU0817,8
RCV04320086,432,10381.527607732205,SKU0829,18
RCV04320087,432,10380.425860522218,SKU0835,205
RCV04320088,432,10376.714155915153,SKU0838,194
RCV04320089,432,10379.103162771948,SKU0843,11
RCV04320090,432,10382.517140025844,SKU0864,7
RCV04320091,432,10375.872383542488,SKU0881,6
RCV04320092,432,10382.651183443095,SKU0904,94
RCV04320093,432,10381.409058754454,SKU0905,154
RCV04320094,432,10377.216984400868,SKU0907,1
RCV04320095,432,10375.506466495384,SKU0928,273
RCV04320096,432,10375.617846289766,SKU0976,136
RCV04320097,432,10376.975494962488,SKU0985,1097
RCV04320098,432,10382.845330266651,SKU0995,57
RCV04320099,432,10376.19121233467,SKU1003,13
RCV04320100,432,10376.707536762571,SKU1028,1
RCV04320101,432,10379.965487261125,SKU1042,192
RCV04320102,432,10376.575328249844,SKU1051,165
RCV04320103,432,10376.790224021714,SKU1053,6
RCV04320104,432,10375.599258139518,SKU1062,137
RCV04320105,432,10376.34666549892,SKU1065,71
RCV04320106,432,10379.208029505127,SKU1077,21
RCV04320107,432,10375.14795139143,SKU1091,3
RCV04320108,432,10375.42820987074,SKU1107,17
RCV04320109,432,10378.626438082143,SKU1125,25
RCV04320110,432,10379.212609540953,SKU1127,70
RCV04320111,432,10376.118742278979,SKU1138,12
RCV04320112,432,10379.970764699188,SKU1140,14
RCV04320113,432,10382.946925421627,SKU1141,143
RCV04320114,432,10383.852510258614,SKU1152,130
RCV04320115,432,10379.5852920434,SKU1169,990
RCV04320116,432,10374.620492005184,SKU1171,55
RCV04320117,432,10381.221741731248,SKU1181,692
RCV04320118,432,10380.938305582702,SKU1192,822
RCV04320119,432,10376.674357460779,SKU1193,4
RCV04320120,432,10377.27630856972,SKU1207,16
RCV04320121,432,10377.119438101408,SKU1219,281
RCV04320122,432,10380.632047317662,SKU1248,81
RCV04320123,432,10383.500389502526,SKU1249,5
RCV04320124,432,10381.259177271513,SKU1251,224
RCV04320125,432,10376.595411277345,SKU1253,1
RCV04320126,432,10379.02082251661,SKU1296,72
RCV04320127,432,10381.380075928062,SKU1332,4
RCV04320128,432,10379.451039905904,SKU1361,1208
RCV04320129,432,10383.614838795891,SKU1373,211
RCV04320130,432,10382.404647816946,SKU1375,149
RCV04320131,432,10376.164526551958,SKU1393,24
RCV04320132,432,10382.575890711967,SKU1395,159
RCV04320133,432,10381.551846117247,SKU1405,30
RCV04320134,432,10382.008494257241,SKU1409,237
RCV04320135,432,10374.1840116979,SKU1410,7
RCV04320136,432,10379.929689258288,SKU1411,62
RCV04320137,432,10374.660837662756,SKU1448,238
RCV04320138,432,10376.601884026883,SKU1455,50
RCV04320139,432,10382.931758938186,SKU1483,932
RCV04320140,432,10383.285683161255,SKU1490,111
RCV04320141,432,10377.11269761681,SKU1495,539
RCV04320142,432,10381.46972173086,SKU1507,430
RCV04320143,432,10376.599015298632,SKU1528,4
RCV04320144,432,10378.574088903746,SKU1548,105
RCV04320145,432,10377.084090857548,SKU1555,220
RCV04320146,432,10374.691251731521,SKU1581,131
RCV04320147,432,10379.245268035482,SKU1616,15
RCV04320148,432,10381.335309172526,SKU1625,3
RCV04320149,432,10374.33127086408,SKU1638,13
RCV04320150,432,10382.404940450053,SKU1679,300
RCV04320151,432,10378.164434208424,SKU1686,8
RCV04320152,432,10377.555085439264,SKU1688,116
RCV04320153,432,10374.397228211292,SKU1708,91
RCV04320154,432,10374.097748147573,SKU1724,20
RCV04320155,432,10383.561100937606,SKU1732,1
RCV04320156,432,10379.188009606076,SKU1741,1
RCV04320157,432,10381.747271884173,SKU1756,119
RCV04320158,432,10382.195389829174,SKU1776,715
RCV04320159,432,10383.299140717541,SKU1777,3
RCV04320160,432,10382.258668896702,SKU1794,247
RCV04320161,432,10377.867165852054,SKU1806,2
RCV04320162,432,10381.33273402985,SKU1826,15
RCV04320163,432,10378.269085988148,SKU1829,15
RCV04320164,432,10378.54883848241,SKU1855,77
RCV04320165,432,10375.504231788935,SKU1877,664
RCV04320166,432,10375.550582846256,SKU1885,303
RCV04320167,432,10376.725708667946,SKU1921,129
RCV04320168,432,10375.213733341549,SKU1931,79
RCV04320169,432,10376.340974688212,SKU1947,88
RCV04320170,432,10382.488721775828,SKU1955,261
RCV04320171,432,10374.639032188239,SKU1957,237
RCV04320172,432,10381.199624853209,SKU1987,95
RCV04320173,432,10374.82451416575,SKU1996,26
RCV04320174,432,10382.583375907303,SKU2018,39
RCV04320175,432,10379.192502688209,SKU2023,295
RCV04320176,432,10374.80655260883,SKU2028,57
RCV04320177,432,10378.505432539636,SKU2061,305
RCV04320178,432,10383.988135211379,SKU2063,170
RCV04320179,432,10377.518716339535,SKU2071,96
RCV04320180,432,10381.857126751682,SKU2072,164
RCV04320181,432,10383.249935079117,SKU2074,19
RCV04320182,432,10381.733563556783,SKU2076,66
RCV04320183,432,10376.356881465052,SKU2077,5
RCV04320184,432,10381.41746226259,SKU2083,300
RCV04320185,432,10380.84815109982,SKU2085,238
RCV04320186,432,10376.248124321963,SKU2095,8
RCV04320187,432,10377.79032645728,SKU2098,30
RCV04320188,432,10375.001142701709,SKU2106,82
RCV04320189,432,10376.43538907582,SKU2108,304
RCV04320190,432,10382.255518986192,SKU2124,5
RCV04320191,432,10377.462597426771,SKU2135,127
RCV04320192,432,10383.523091957897,SKU2162,47
RCV04320193,432,10380.047136375804,SKU2176,9
RCV04320194,432,10377.32765849733,SKU2183,8
RCV04320195,432,10376.734292947924,SKU2184,106
RCV04320196,432,10375.689337433272,SKU2188,3
RCV04320197,432,10375.484494862441,SKU2200,856
RCV04320198,432,10375.935697659204,SKU2201,14
RCV04320199,432,10375.834845722806,SKU2209,178
RCV04320200,432,10381.70299685774,SKU2210,208
RCV04320201,432,10375.69898238626,SKU2213,15
RCV04320202,432,10378.883637465951,SKU2241,146
RCV04320203,432,10379.243282549585,SKU2250,7
RCV04320204,432,10376.58727179919,SKU2252,356
RCV04320205,432,10375.892902572012,SKU2271,14
RCV04320206,432,10377.562373636742,SKU2311,35
RCV04320207,432,10376.793011501088,SKU2315,2327
RCV04320208,432,10377.003819632022,SKU2324,523
RCV04320209,432,10375.965704796525,SKU2359,116
RCV04320210,432,10374.304320426645,SKU2364,47
RCV04320211,432,10380.480135132897,SKU2366,104
RCV04320212,432,10383.825831786664,SKU2372,186
RCV04320213,432,10381.420092333765,SKU2379,513
RCV04320214,432,10379.134291756742,SKU2397,16
RCV04320215,432,10383.199078533004,SKU2399,481
RCV04330000,433,10404.741236491458,SKU0002,731
RCV04330001,433,10399.97371027411,SKU0003,1
RCV04330002,433,10400.522401844559,SKU0059,6
RCV04330003,433,10398.244497638409,SKU0107,9
RCV04330004,433,10404.685648914628,SKU0117,2
RCV04330005,433,10405.451782798236,SKU0122,134
RCV04330006,433,10402.332014856092,SKU0125,36
RCV04330007,433,10401.446405994251,SKU0129,1
RCV04330008,433,10401.89942851228,SKU0132,20
RCV04330009,433,10398.25126382919,SKU0144,298
RCV04330010,433,10399.86716117892,SKU0162,5
RCV04330011,433,10402.397982225164,SKU0172,434
RCV04330012,433,10406.556116149517,SKU0176,15
RCV04330013,433,10406.33949340405,SKU0201,1
RCV04330014,433,10404.539258187606,SKU0203,50
RCV04330015,433,10406.008630183054,SKU0244,52
RCV04330016,433,10404.135542860842,SKU0245,5
RCV04330017,433,10404.220582927062,SKU0263,161
RCV04330018,433,10401.56617131537,SKU0266,70
RCV04330019,433,10399.654071300425,SKU0277,107
RCV04330020,433,10406.034334631637,SKU0288,90
RCV04330021,433,10398.935751907533,SKU0304,12
RCV04330022,433,10404.763499600767,SKU0318,27
RCV04330023,433,10399.579058169213,SKU0321,214
RCV04330024,433,10405.528999830716,SKU0337,280
RCV04330025,433,10399.748149662517,SKU0346,25
RCV04330026,433,10405.56010581737,SKU0347,3
RCV04330027,433,10407.246248177655,SKU0357,1
RCV04330028,433,10403.290975001477,SKU0369,179
RCV04330029,433,10402.250360028582,SKU0386,5
RCV04330030,433,10402.626855777691,SKU0409,194
RCV04330031,433,10402.186739317522,SKU0416,30
RCV04330032,433,10402.79325258619,SKU0437,12
RCV04330033,433,10400.793238175534,SKU0448,9
RCV04330034,433,10398.684711183874,SKU0462,69
RCV04330035,433,10407.439351689194,SKU0467,16
RCV04330036,433,10407.542045693599,SKU0468,216
RCV04330037,433,10399.09911534392,SKU0491,5
RCV04330038,433,10401.538646822322,SKU0502,8
RCV04330039,433,10398.76074495729,SKU0514,10
RCV04330040,433,10406.107060832937,SKU0530,5
RCV04330041,433,10404.1297539179,SKU0538,104
RCV04330042,433,10404.526310954636,SKU0556,16
RCV04330043,433,10403.19451239449,SKU0559,29
RCV04330044,433,10404.95281657209,SKU0562,90
RCV04330045,433,10398.999307008477,SKU0569,42
RCV04330046,433,10403.565672769559,SKU0573,117
RCV04330047,433,10403.436786804825,SKU0597,2
RCV04330048,433,10400.405149438593,SKU0612,1013
RCV04330049,433,10405.511050701587,SKU0619,390
RCV04330050,433,10399.56180865745,SKU0636,34
RCV04330051,433,10403.285197144474,SKU0643,99
RCV04330052,433,10400.01616832035,SKU0649,833
RCV04330053,433,10400.989994957792,SKU0656,9
RCV04330054,433,10405.156633898396,SKU0661,25
RCV04330055,433,10402.410409828257,SKU0670,115
RCV04330056,433,10405.134892184584,SKU0675,573
RCV04330057,433,10400.45337619141,SKU0680,206
RCV04330058,433,10406.012950621875,SKU0693,53
RCV04330059,433,10398.053635425558,SKU0713,44
RCV04330060,433,10400.767117248899,SKU0735,2
RCV04330061,433,10399.116843551481,SKU0739,70
RCV04330062,433,10400.401410577571,SKU0740,3
RCV04330063,433,10404.94786034788,SKU0745,1
RCV04330064,433,10406.609308095198,SKU0752,140
RCV04330065,433,10400.425342257666,SKU0762,44
RCV04330066,433,10399.195485637096,SKU0787,2
RCV04330067,433,10398.38240289331,SKU0788,187
