sku_id,category,is_cold,is_heavy,volume_l,weight_kg,unit_value,popularity,express_propensity
SKU0001,Beverage,True,False,1.0,5.38,51.37,4.42656856971535e-05,1.0
SKU0002,Apparel,False,False,0.93,0.47,11.35,0.0015639671016303147,1.0
SKU0003,Beverage,True,False,0.5,11.77,23.15,3.966229646601427e-06,1.0
SKU0004,Food,True,False,1.45,0.38,67.48,0.0006095488993504983,2.0
SKU0005,Electronics,False,False,1.01,10.33,27.7,0.0013936646266752284,2.0
SKU0006,Office,False,False,1.15,0.15,769.16,1.975441735946326e-05,1.0
SKU0007,Beverage,True,False,1.7,0.24,58.84,2.412421743391846e-05,1.0
SKU0008,Beverage,True,False,0.2,0.82,34.54,0.0006868027622249917,1.0
SKU0009,Electronics,False,False,5.69,11.17,164.87,0.0003341717532133748,2.0
SKU0010,Apparel,False,False,0.26,0.22,146.6,1.2112593617441547e-05,1.0
SKU0011,HomeLiving,False,False,1.06,12.57,5.06,0.0024249859993173972,1.0
SKU0012,Office,False,False,0.43,0.36,124.11,0.0015205102550580607,1.0
SKU0013,Food,True,False,1.38,1.22,17.73,7.920571411301758e-06,2.0
SKU0014,Beverage,True,False,0.56,0.7,35.09,0.0009268332989511574,1.0
SKU0015,Apparel,False,False,4.77,0.19,195.88,3.1283192471143195e-05,1.0
SKU0016,HomeLiving,False,True,0.86,18.38,90.37,0.00012609121105433552,1.0
SKU0017,Apparel,False,False,2.11,1.12,33.91,1.8163757022904292e-06,1.0
SKU0018,Electronics,False,False,0.5,4.52,11.93,0.0011634480767120925,2.0
SKU0019,Beverage,True,False,0.21,2.4,69.02,0.001242583235474437,1.0
SKU0020,Food,True,False,0.89,1.6,26.26,1.9980132723862454e-06,2.0
SKU0021,Beverage,True,False,1.45,3.01,572.63,0.00050072344708052,1.0
SKU0022,HomeLiving,False,True,1.09,14.26,80.18,1.8163757009581616e-07,1.0
SKU0023,Office,False,False,6.95,4.75,448.7,0.0003892024562154317,1.0
SKU0024,Office,False,False,2.71,1.89,37.93,9.081878511452146e-07,1.0
SKU0025,Beverage,True,False,7.87,3.52,367.34,0.00023417760760924278,1.0
SKU0026,HomeLiving,False,False,0.59,2.85,6.71,0.00016479468037977618,1.0
SKU0027,Apparel,False,False,3.67,1.09,23.51,1.2919657279453212e-05,1.0
SKU0028,Electronics,False,False,1.55,3.15,7.5,0.00021191098749362425,2.0
SKU0029,HomeLiving,False,False,1.91,1.16,5.89,0.00012448819967170177,1.0
SKU0030,Food,True,False,7.59,6.56,590.55,0.00010587270314166286,2.0
SKU0031,Beverage,True,True,2.23,21.06,206.87,7.318604587469579e-05,1.0
SKU0032,Office,False,True,5.51,20.03,128.46,0.00017528450094106418,1.0
SKU0033,HomeLiving,False,False,2.91,9.29,79.41,5.718518858854882e-05,1.0
SKU0034,HomeLiving,False,False,0.32,2.77,96.27,0.0003313219037370807,1.0
SKU0035,Apparel,False,False,2.64,6.26,137.84,0.0009579410293750756,1.0
SKU0036,HomeLiving,False,False,1.19,0.27,365.71,0.0010605156172646124,1.0
SKU0037,Electronics,False,False,5.93,1.41,110.95,0.0017626782946824071,2.0
SKU0038,Apparel,False,False,3.92,0.41,243.91,0.0009444203393197403,1.0
SKU0039,HomeLiving,False,False,0.29,0.1,21.51,1.4471797791459906e-05,1.0
SKU0040,Food,True,True,0.33,20.81,797.69,0.0015205102550580607,2.0
SKU0041,Apparel,False,False,0.26,11.79,5.9,0.00018035885099576543,1.0
SKU0042,Beverage,True,False,1.23,1.71,37.22,0.002854896576818089,1.0
SKU0043,Food,True,False,0.27,0.41,487.79,0.00024055452985261017,2.0
SKU0044,HomeLiving,False,False,2.89,4.59,12.77,1.862090011273132e-05,1.0
SKU0045,Beverage,True,False,1.53,1.1,10.42,5.158877525168748e-07,1.0
SKU0046,Beverage,True,False,4.37,8.44,33.35,1.5879894229353653e-05,1.0
SKU0047,Apparel,False,True,0.56,24.93,46.2,0.0013936646266753394,1.0
SKU0048,HomeLiving,False,False,1.36,0.69,636.84,1.9980132723862454e-06,1.0
SKU0049,Food,True,False,0.31,0.39,384.28,6.400466424860696e-06,2.0
SKU0050,Electronics,False,False,5.23,0.44,55.67,0.0001046864623673871,2.0
SKU0051,HomeLiving,False,False,0.38,0.17,782.16,0.00018035885099576543,1.0
SKU0052,Electronics,False,False,0.29,0.88,140.44,0.00022841221653080446,2.0
SKU0053,Beverage,True,False,0.43,0.11,466.99,1.6938687648071493e-06,1.0
SKU0054,Food,True,False,3.91,0.19,17.94,7.838143618021931e-05,2.0
SKU0055,Food,True,False,0.3,0.45,63.35,0.0006280750051851358,2.0
SKU0056,Beverage,True,False,1.93,0.24,5.83,0.00026000951154059315,1.0
SKU0057,Apparel,False,False,3.14,5.7,5.24,2.3612884129109446e-06,1.0
SKU0058,Apparel,False,False,3.19,0.18,194.97,0.00028233626581131155,1.0
SKU0059,Electronics,False,False,0.4,11.93,9.24,6.071094905724106e-05,2.0
SKU0060,Electronics,False,False,0.25,0.34,85.99,0.000752267320111133,2.0
SKU0061,Food,True,False,1.05,0.18,185.63,0.00044659105109290387,2.0
SKU0062,Apparel,False,False,0.42,0.11,5.91,3.242481509180273e-05,1.0
SKU0063,Apparel,False,False,2.64,5.19,51.4,7.920571411301758e-06,1.0
SKU0064,Beverage,True,False,0.75,0.41,174.55,1.8219336729297098e-06,1.0
SKU0065,Food,True,False,1.05,1.67,507.64,0.00034117780686238053,2.0
SKU0066,Apparel,False,False,0.3,0.19,23.65,0.0003892024562155427,1.0
SKU0067,Apparel,False,True,1.62,23.05,787.22,0.0003374514962843911,1.0
SKU0068,HomeLiving,False,False,0.4,0.2,401.46,0.00017307937606592105,1.0
SKU0069,Electronics,False,False,2.45,0.97,146.67,0.0004416021548375726,2.0
SKU0070,Apparel,False,False,0.26,11.02,38.27,3.308289426129374e-05,1.0
SKU0071,HomeLiving,False,False,7.32,0.39,200.78,5.400896272178546e-05,1.0
SKU0072,Apparel,False,False,2.5,0.44,346.5,0.0006997299845201699,1.0
SKU0073,Beverage,True,False,0.39,8.68,24.15,0.0007860458098443157,1.0
SKU0074,HomeLiving,False,False,0.21,0.45,867.11,3.9855744723094055e-05,1.0
SKU0075,Electronics,False,False,0.69,0.1,559.96,0.00027606726083229116,2.0
SKU0076,HomeLiving,False,False,0.35,1.06,62.22,5.0027371461758285e-05,1.0
SKU0077,HomeLiving,False,False,0.45,0.11,213.38,0.0007860458098444267,1.0
SKU0078,Food,True,True,5.0,15.19,75.99,0.0005129203365870083,2.0
SKU0079,Apparel,False,False,1.85,3.46,260.06,4.792900594075e-06,1.0
SKU0080,Beverage,True,False,0.38,2.5,366.47,0.0006868027622248807,1.0
SKU0081,Food,True,False,1.56,0.3,5.64,0.000194207461322482,2.0
SKU0082,Apparel,False,False,0.51,4.77,7.54,4.212108094747702e-05,1.0
SKU0083,Beverage,True,False,7.33,4.21,28.69,6.755906370548015e-05,1.0
SKU0084,HomeLiving,False,False,0.23,0.14,586.73,0.0004321059759270218,1.0
SKU0085,Electronics,False,False,2.98,12.95,39.55,0.001242583235474437,2.0
SKU0086,Electronics,False,False,3.46,2.45,501.82,0.0003120776617716592,2.0
SKU0087,Food,True,False,0.26,7.95,55.19,0.0025633574694385874,2.0
SKU0088,Apparel,False,False,0.38,0.43,22.41,1.2919657279453212e-05,1.0
SKU0089,HomeLiving,False,False,0.83,0.2,537.24,0.00034737509858062676,1.0
SKU0090,Apparel,False,False,4.92,4.84,91.93,0.00021426509686106598,1.0
SKU0091,HomeLiving,False,False,1.45,8.01,32.51,0.0006407958106240397,1.0
SKU0092,Food,True,False,2.24,0.84,6.3,3.180625926968439e-06,2.0
SKU0093,Apparel,False,False,3.59,0.11,8.9,4.127163775891063e-05,1.0
SKU0094,Apparel,False,False,4.24,9.16,10.31,0.0006342434263333363,1.0
SKU0095,HomeLiving,False,False,1.16,0.31,33.25,0.0007362856841403032,1.0
SKU0096,Food,True,False,1.31,0.65,117.13,7.469449456065647e-06,2.0
SKU0097,HomeLiving,False,False,2.83,3.21,24.7,8.421352290710615e-05,1.0
SKU0098,Electronics,False,False,0.53,0.17,7.03,0.0002483559136700064,2.0
SKU0099,Electronics,False,False,4.68,0.15,19.78,3.632751404469836e-06,2.0
SKU0100,Office,False,False,0.22,0.12,41.75,1.3631695081284256e-05,1.0
SKU0101,Office,False,True,0.41,15.78,864.59,0.0002313721447044781,1.0
SKU0102,Food,True,False,3.83,0.56,38.48,0.00015197051212467727,2.0
SKU0103,HomeLiving,False,False,0.7,3.84,7.95,3.7882201959771322e-06,1.0
SKU0104,Office,False,True,0.35,23.56,102.22,0.00012167640685578629,1.0
SKU0105,Beverage,True,False,0.4,4.03,592.94,6.380905455805053e-05,1.0
SKU0106,Food,True,False,1.42,1.82,297.29,0.00012448819967170177,2.0
SKU0107,Apparel,False,False,4.54,1.77,384.48,2.0169412504933426e-05,1.0
SKU0108,HomeLiving,False,False,0.26,0.8,619.99,0.0006673016956966205,1.0
SKU0109,Electronics,False,False,0.22,2.74,136.32,1.3631695081395279e-05,2.0
SKU0110,Office,False,True,1.11,19.91,876.58,5.861652043193111e-05,1.0
SKU0111,Apparel,False,False,6.81,7.76,5.94,3.6327514045808584e-06,1.0
SKU0112,HomeLiving,False,False,0.56,1.04,381.73,0.003214863798377099,1.0
SKU0113,HomeLiving,False,False,6.88,0.63,428.31,0.00028233626581131155,1.0
SKU0114,Apparel,False,False,5.29,13.14,583.95,6.400466424860696e-06,1.0
SKU0115,HomeLiving,False,False,0.57,0.21,59.89,0.0008886591491407136,1.0
SKU0116,Beverage,True,False,4.07,10.9,298.93,5.667586232549482e-07,1.0
SKU0117,Beverage,True,False,2.51,0.41,13.77,2.9064944609857868e-05,1.0
SKU0118,Food,True,False,1.32,5.2,114.6,0.0003156630932311666,2.0
SKU0119,Apparel,False,False,0.95,8.58,32.2,0.0008759283084770475,1.0
SKU0120,Food,True,False,4.05,1.39,110.54,0.00044659105109290387,2.0
SKU0121,Food,True,False,3.73,0.29,166.93,7.058993319963847e-05,2.0
SKU0122,Food,True,False,3.26,10.61,30.32,0.00022601642238306852,2.0
SKU0123,Electronics,False,False,7.95,0.76,15.37,1.807606459613975e-05,2.0
SKU0124,Apparel,False,False,1.17,0.59,26.57,0.002335360479635562,1.0
SKU0125,Electronics,False,False,3.92,1.67,157.17,0.00019196528330944762,2.0
SKU0126,Apparel,False,False,4.82,1.1,168.08,9.081878511452146e-07,1.0
SKU0127,HomeLiving,False,False,0.44,4.34,234.88,0.00015197051212467727,1.0
SKU0128,HomeLiving,False,False,0.23,0.21,9.65,0.00022601642238306852,1.0
SKU0129,Electronics,False,False,0.89,1.11,350.71,1.5879894229353653e-05,2.0
SKU0130,Food,True,True,4.72,13.75,178.21,0.00023787103352712613,2.0
SKU0131,HomeLiving,False,False,0.58,0.12,5.86,9.9479956120474e-06,1.0
SKU0132,Office,False,False,2.65,1.25,28.57,0.0002166185114822472,1.0
SKU0133,Food,True,False,0.21,3.84,56.43,0.00017689677560817074,2.0
SKU0134,HomeLiving,False,True,0.74,13.45,32.53,3.016519122622796e-05,1.0
SKU0135,Food,True,False,1.94,2.65,9.2,0.00017528450094095316,2.0
SKU0136,Electronics,False,False,0.32,9.49,14.68,0.00013520412156875494,2.0
SKU0137,Office,False,False,5.46,0.34,5.68,0.00018035885099576543,1.0
SKU0138,Apparel,False,False,0.36,0.7,8.11,3.90095436840765e-05,1.0
SKU0139,Beverage,True,True,5.74,18.16,19.93,7.925604462510893e-05,1.0
SKU0140,Electronics,False,True,0.44,13.32,353.37,1.7721357993827347e-05,2.0
SKU0141,Apparel,False,False,7.83,2.18,77.03,0.00012750455668686378,1.0
SKU0142,Apparel,False,False,1.86,1.38,45.32,0.00019032012398223497,1.0
SKU0143,Office,False,False,0.27,1.21,155.71,0.0011426949228956484,1.0
SKU0144,Apparel,False,False,0.25,0.14,83.22,0.00016257102893568742,1.0
SKU0145,Apparel,False,True,0.26,13.8,9.9,0.00012009516419186905,1.0
SKU0146,HomeLiving,False,False,1.76,9.16,15.89,1.3631695081395279e-05,1.0
SKU0147,HomeLiving,False,False,3.96,1.24,15.88,1.5930533517893863e-06,1.0
SKU0148,Apparel,False,False,0.88,0.47,112.73,0.0002166185114822472,1.0
SKU0149,Apparel,False,False,1.03,0.66,54.96,2.838378442293621e-05,1.0
SKU0150,Electronics,False,False,1.76,0.2,37.42,3.4903284055198824e-06,2.0
SKU0151,Beverage,True,False,1.43,5.38,90.02,0.000801663939092534,1.0
SKU0152,Office,False,False,2.53,2.16,770.63,0.00019196528330944762,1.0
SKU0153,HomeLiving,False,False,1.14,0.36,25.56,0.0003669208604566432,1.0
SKU0154,Apparel,False,False,2.78,3.12,74.5,5.3452470905490657e-05,1.0
SKU0155,Electronics,False,True,7.92,22.29,60.58,3.1283192471143195e-05,2.0
SKU0156,Food,True,False,0.73,0.2,206.63,0.0005482316683227406,2.0
SKU0157,HomeLiving,False,False,0.21,1.26,221.81,0.0004934046031915829,1.0
SKU0158,Food,True,False,0.32,1.53,220.41,0.0007115375844954919,2.0
SKU0159,Food,True,False,1.54,0.25,14.24,3.1283192471143195e-05,2.0
SKU0160,Beverage,True,False,0.71,1.88,51.5,2.6944270011708404e-05,1.0
SKU0161,Electronics,False,False,6.41,2.84,337.59,0.0012095096044976161,2.0
SKU0162,Office,False,False,2.02,0.24,36.26,1.2919657279453212e-05,1.0
SKU0163,HomeLiving,False,False,1.36,0.23,829.34,0.00014247827011004688,1.0
SKU0164,Electronics,False,False,3.8,11.31,33.24,0.0001087342861115781,2.0
SKU0165,Apparel,False,False,0.52,0.56,66.27,1.9412447773259345e-05,1.0
SKU0166,HomeLiving,False,False,4.11,3.25,58.77,0.0005762022330628724,1.0
SKU0167,Beverage,True,False,0.2,3.18,47.53,9.367342061916695e-06,1.0
SKU0168,Beverage,True,False,1.97,10.29,403.74,0.00016257102893568742,1.0
SKU0169,HomeLiving,False,False,6.29,5.95,11.2,0.0003762686724271269,1.0
SKU0170,Office,False,False,3.66,10.37,95.33,0.00034117780686238053,1.0
SKU0171,HomeLiving,False,False,4.66,3.16,124.19,0.0002313721447045891,1.0
SKU0172,Apparel,False,False,0.86,1.2,415.63,0.0010605156172647234,1.0
SKU0173,HomeLiving,False,False,4.18,0.88,118.27,0.000379931066342154,1.0
SKU0174,Office,False,False,1.53,0.81,731.27,9.081878511452146e-07,1.0
SKU0175,HomeLiving,False,False,1.96,1.01,463.39,0.0006224792094071674,1.0
SKU0176,Electronics,False,False,0.25,0.2,30.58,3.966229646601427e-06,2.0
SKU0177,Apparel,False,False,0.42,1.04,434.8,0.001441095113521751,1.0
SKU0178,Office,False,False,1.53,0.86,725.44,0.000676663325399951,1.0
SKU0179,Office,False,False,0.25,0.12,19.01,0.0002631462140602059,1.0
SKU0180,Beverage,True,False,3.08,0.46,118.89,1.1024543658866293e-05,1.0
SKU0181,Office,False,False,4.43,6.35,21.6,2.7563674968478225e-05,1.0
SKU0182,Office,False,False,5.96,2.43,145.85,1.6966245919070033e-05,1.0
SKU0183,Apparel,False,False,0.29,8.57,8.13,0.0002565154006273218,1.0
SKU0184,HomeLiving,False,False,6.4,2.0,226.34,3.632751404136769e-07,1.0
SKU0185,Beverage,True,False,0.26,11.17,44.24,3.49032840540886e-06,1.0
SKU0186,Food,True,False,1.15,8.11,105.56,0.0008250585184840231,2.0
SKU0187,HomeLiving,False,False,4.44,0.17,5.72,5.1159113245602406e-05,1.0
SKU0188,Electronics,False,True,0.26,22.02,185.09,7.469449456176669e-06,2.0
SKU0189,Beverage,True,False,0.21,0.11,65.7,0.0005188151820663123,1.0
SKU0190,HomeLiving,False,False,0.22,2.7,128.55,0.0011426949228957595,1.0
SKU0191,Office,False,False,1.32,7.95,25.76,3.581533160657013e-05,1.0
SKU0192,HomeLiving,False,False,3.99,0.62,10.66,8.975288984369723e-05,1.0
SKU0193,Electronics,False,False,0.32,2.72,47.97,0.0002663031414176231,2.0
SKU0194,Beverage,True,False,0.32,0.74,672.82,2.8337931168298525e-07,1.0
SKU0195,HomeLiving,False,False,1.63,0.14,16.32,5.267489536664449e-06,1.0
SKU0196,HomeLiving,False,False,0.47,0.1,167.17,0.00011579661421401433,1.0
SKU0197,Food,True,False,2.96,0.17,6.48,0.000402711181195059,2.0
SKU0198,Office,False,False,6.64,0.17,208.2,0.0011114131971111663,1.0
SKU0199,HomeLiving,False,False,3.37,2.92,17.25,1.975441735935224e-05,1.0
SKU0200,HomeLiving,False,False,5.09,1.82,52.15,0.00041277257484817476,1.0
SKU0201,Beverage,True,False,1.36,1.24,33.76,2.412421743391846e-05,1.0
SKU0202,Office,False,False,4.31,4.56,8.98,4.704027098689778e-05,1.0
SKU0203,Apparel,False,False,0.39,0.11,30.09,0.00017528450094106418,1.0
SKU0204,HomeLiving,False,False,0.26,0.45,30.8,0.00018361582182579994,1.0
SKU0205,Electronics,False,False,2.25,7.31,75.24,1.8963796027282598e-05,2.0
SKU0206,HomeLiving,False,True,0.24,15.21,779.63,4.704027098689778e-05,1.0
SKU0207,Electronics,False,False,5.38,1.12,57.41,4.792900593963978e-06,2.0
SKU0208,Food,True,False,2.56,0.16,577.1,0.0008886591491407136,2.0
SKU0209,Electronics,False,False,6.71,8.23,54.94,1.6938687648071493e-06,2.0
SKU0210,Apparel,False,False,0.64,13.26,8.74,1.975441735935224e-05,1.0
SKU0211,Food,True,False,1.2,0.98,16.52,0.0006997299845201699,2.0
SKU0212,Food,True,False,3.09,0.38,41.5,0.00010587270314166286,2.0
SKU0213,HomeLiving,False,False,0.49,0.13,27.09,3.49032840540886e-06,1.0
SKU0214,Beverage,True,False,1.48,2.61,448.38,0.00014247827011004688,1.0
SKU0215,Food,True,True,2.28,15.2,169.63,5.104224147234326e-06,2.0
SKU0216,Food,True,False,7.4,4.22,100.74,0.00016479468037977618,2.0
SKU0217,Electronics,False,False,3.12,0.58,64.1,7.925604462510893e-05,2.0
SKU0218,Electronics,False,False,0.31,3.48,39.35,0.0006511725419202641,2.0
SKU0219,Office,False,False,1.15,9.89,120.12,0.0001157966142139033,1.0
SKU0220,Apparel,False,False,1.75,1.38,9.55,0.0018624468021150586,1.0
SKU0221,HomeLiving,False,False,0.34,9.24,11.63,0.0002092059540317326,1.0
SKU0222,Apparel,False,False,0.98,0.87,24.13,3.900954368418752e-05,1.0
SKU0223,Food,True,False,0.57,0.69,12.16,0.001125110275542296,2.0
SKU0224,Office,False,False,0.31,2.5,168.27,3.308289426140476e-05,1.0
SKU0225,HomeLiving,False,False,1.32,1.3,5.69,9.738799770508955e-06,1.0
SKU0226,Office,False,True,0.37,22.03,11.49,1.8284951661451387e-05,1.0
SKU0227,Electronics,False,False,1.77,1.73,542.75,3.1794139805363386e-05,2.0
SKU0228,Apparel,False,False,0.37,0.84,888.59,9.204794577244435e-05,1.0
SKU0229,Food,True,False,2.89,0.89,62.9,3.1283192471143195e-05,2.0
SKU0230,Electronics,False,False,0.41,2.06,65.49,0.0014863656340050047,2.0
SKU0231,HomeLiving,False,False,5.46,0.71,277.46,0.00043486218903576734,1.0
SKU0232,Apparel,False,False,0.22,5.41,6.03,0.0001315196501591176,1.0
SKU0233,Office,False,False,1.37,0.82,45.92,0.0002092059540317326,1.0
SKU0234,Food,True,False,0.65,0.83,8.4,0.00010587270314155184,2.0
SKU0235,Office,False,False,0.46,3.02,40.1,3.481412494032998e-05,1.0
SKU0236,Beverage,True,False,1.14,0.14,827.48,2.5017892805956343e-05,1.0
SKU0237,Apparel,False,False,4.47,3.73,250.39,9.529912704975274e-06,1.0
SKU0238,Beverage,True,False,5.85,1.63,832.75,7.058993319974949e-05,1.0
SKU0239,Electronics,False,False,0.61,1.22,240.72,6.38090545579395e-05,2.0
SKU0240,Electronics,False,False,0.35,5.31,117.6,0.0001537681296758242,2.0
SKU0241,Beverage,True,False,2.85,6.58,251.16,0.00010587270314155184,1.0
SKU0242,Beverage,True,False,1.71,10.7,153.25,0.00012167640685589731,1.0
SKU0243,HomeLiving,False,False,0.42,0.79,55.66,0.000724560836173227,1.0
SKU0244,Apparel,False,False,3.3,0.61,22.84,0.00012009516419186905,1.0
SKU0245,Food,True,False,1.36,5.16,74.49,3.90095436840765e-05,2.0
SKU0246,Office,False,False,2.23,2.48,19.14,4.07197003908788e-05,1.0
SKU0247,Food,True,False,0.75,3.27,62.6,0.0037734410116049832,2.0
SKU0248,Apparel,False,False,1.01,2.15,10.68,2.4612392526934812e-05,1.0
SKU0249,HomeLiving,False,False,0.39,7.13,94.21,0.00019618934104115304,1.0
SKU0250,Apparel,False,False,3.26,0.29,17.87,0.000402711181195059,1.0
SKU0251,Food,True,False,0.36,2.15,22.97,0.0012095096044976161,2.0
SKU0252,Office,False,False,3.53,0.24,66.74,1.9980132724972677e-06,1.0
SKU0253,Apparel,False,False,3.8,0.95,11.63,5.667586232549482e-07,1.0
SKU0254,HomeLiving,False,False,3.14,3.91,740.28,0.0013108537966235456,1.0
SKU0255,HomeLiving,False,False,0.21,1.52,50.93,2.4612392527045834e-05,1.0
SKU0256,Beverage,True,False,0.55,0.81,31.15,2.6039092728691315e-06,1.0
SKU0257,Beverage,True,False,1.13,13.25,5.82,4.8589400931442484e-05,1.0
SKU0258,Electronics,False,False,1.8,7.13,398.78,0.0004612193983922763,2.0
SKU0259,Electronics,False,False,5.94,1.83,128.94,0.000752267320111133,2.0
SKU0260,Food,True,True,0.8,18.97,43.46,0.0001174758933056852,2.0
SKU0261,HomeLiving,False,False,5.05,1.04,17.89,0.001242583235474437,1.0
SKU0262,Beverage,True,False,0.37,7.76,239.58,3.723500715024919e-05,1.0
SKU0263,HomeLiving,False,False,0.79,0.25,678.07,0.0002948284225111619,1.0
SKU0264,HomeLiving,False,False,0.24,0.48,36.12,0.0010889335214521179,1.0
SKU0265,Office,False,False,3.09,0.65,10.07,0.00010144338646411732,1.0
SKU0266,HomeLiving,False,False,0.35,0.18,8.82,0.00012448819967170177,1.0
SKU0267,HomeLiving,False,False,0.52,1.6,5.17,3.90095436840765e-05,1.0
SKU0268,HomeLiving,False,False,3.49,0.29,238.12,4.212108094758804e-05,1.0
SKU0269,Electronics,False,False,1.44,3.32,817.12,0.013080480789785104,2.0
SKU0270,Electronics,False,False,0.21,0.29,867.05,4.24505451002144e-06,2.0
SKU0271,Electronics,False,False,0.2,0.2,293.46,0.0004761603043494933,2.0
SKU0272,HomeLiving,False,True,1.32,21.08,11.61,8.442789074858403e-06,1.0
SKU0273,Electronics,False,False,0.62,3.79,801.63,0.00025449924675602364,2.0
SKU0274,Food,True,True,0.39,17.6,27.43,0.00026000951154059315,2.0
SKU0275,Food,True,False,1.92,1.5,28.27,0.0001298737960855334,2.0
SKU0276,Apparel,False,False,0.46,0.12,177.46,0.00023787103352723715,1.0
SKU0277,HomeLiving,False,False,1.78,2.38,6.45,0.00048605850980742993,1.0
SKU0278,Apparel,False,False,0.81,2.18,364.17,6.637529314046375e-05,1.0
SKU0279,Office,False,False,0.4,0.11,887.46,8.653420725635019e-05,1.0
SKU0280,Beverage,True,False,0.33,11.62,279.87,3.632751405246992e-07,1.0
SKU0281,Electronics,False,False,0.48,3.07,289.64,0.004851670576235839,2.0
SKU0282,HomeLiving,False,False,0.22,6.11,37.95,1.0662812398587462e-06,1.0
SKU0283,HomeLiving,False,False,0.62,1.53,7.04,1.821933673040732e-06,1.0
SKU0284,HomeLiving,False,False,5.57,3.04,306.66,0.00041277257484817476,1.0
SKU0285,Apparel,False,False,4.29,0.41,111.1,0.00010282732116839721,1.0
SKU0286,Apparel,False,True,0.79,21.63,562.05,4.5132111574086586e-05,1.0
SKU0287,Electronics,False,False,1.67,0.91,9.13,2.205202069172074e-06,2.0
SKU0288,HomeLiving,False,False,1.62,0.25,24.38,0.00020659432535519162,1.0
SKU0289,Apparel,False,False,4.25,0.14,32.53,0.0007696101185450388,1.0
SKU0290,Electronics,False,False,0.48,3.35,173.76,0.004851670576235839,2.0
SKU0291,Beverage,True,True,0.6,22.81,298.92,0.0014410951135216954,1.0
SKU0292,Electronics,False,True,0.61,14.06,735.08,0.0014863656340049491,2.0
SKU0293,Office,False,False,0.23,4.83,23.18,2.5017892805956343e-05,1.0
SKU0294,Electronics,False,True,0.64,23.74,64.9,5.663595301175217e-05,2.0
SKU0295,Beverage,True,False,5.1,5.41,5.81,6.6091219081965136e-06,1.0
SKU0296,Office,False,False,5.78,0.65,18.6,0.00016730750068838507,1.0
SKU0297,Office,False,False,0.3,2.76,34.87,0.00027606726083218014,1.0
SKU0298,Beverage,True,False,1.08,0.16,109.19,7.2357831045755105e-06,1.0
SKU0299,Beverage,True,False,0.82,0.34,57.66,0.000379931066342154,1.0
SKU0300,Food,True,False,1.22,1.0,33.19,0.0002313721447044781,2.0
SKU0301,Beverage,True,False,1.55,0.3,127.77,5.763522982726865e-05,1.0
SKU0302,Electronics,False,True,0.22,19.34,369.59,0.00010144338646411732,2.0
SKU0303,Apparel,False,True,4.47,24.4,17.54,0.00031972550664838284,1.0
SKU0304,Apparel,False,False,7.26,0.78,29.67,8.421352290710615e-05,1.0
SKU0305,Beverage,True,False,2.23,5.02,194.43,0.0016992508874458245,1.0
SKU0306,Apparel,False,False,2.29,0.95,284.08,2.8337931168298525e-07,1.0
SKU0307,Apparel,False,False,1.4,0.22,363.47,0.00030132406918426113,1.0
SKU0308,Food,True,False,0.69,0.64,14.83,0.0005674194042527558,2.0
SKU0309,HomeLiving,False,False,0.35,0.36,82.26,0.00022841221653080446,1.0
SKU0310,Electronics,False,False,1.72,0.61,535.48,0.00013620301241390464,2.0
SKU0311,Apparel,False,False,0.24,0.33,38.28,5.3452470905490657e-05,1.0
SKU0312,Apparel,False,False,4.19,0.19,46.61,0.00014007151440897925,1.0
SKU0313,HomeLiving,False,False,0.94,0.33,831.79,0.002730939858094472,1.0
SKU0314,HomeLiving,False,True,0.92,14.86,8.99,0.006907068892683291,1.0
SKU0315,HomeLiving,False,False,0.67,0.16,195.12,0.000279058375397101,1.0
SKU0316,HomeLiving,False,False,7.14,0.6,413.4,6.4571422872306e-05,1.0
SKU0317,HomeLiving,False,False,0.38,1.85,10.94,0.0010889335214521179,1.0
SKU0318,Food,True,False,0.35,0.71,204.29,9.580744978654465e-05,2.0
SKU0319,HomeLiving,False,False,0.37,1.74,57.33,1.1053414228356928e-06,1.0
SKU0320,Office,False,False,2.27,0.13,419.25,0.00018476925513410958,1.0
SKU0321,Office,False,False,7.76,3.59,556.57,0.0005261070080421204,1.0
SKU0322,Apparel,False,False,0.48,2.24,464.15,0.0008886591491407136,1.0
SKU0323,HomeLiving,False,False,5.65,4.29,6.99,4.426568569726452e-05,1.0
SKU0324,Apparel,False,False,0.56,2.29,254.62,0.0020287091727296813,1.0
SKU0325,Beverage,True,False,2.18,1.12,598.78,3.7882201959771322e-06,1.0
SKU0326,Food,True,False,0.23,0.69,125.97,0.0006407958106240397,2.0
SKU0327,Beverage,True,False,1.24,0.35,113.27,0.00022841221653080446,1.0
SKU0328,Apparel,False,False,2.24,1.58,6.32,0.00013520412156875494,1.0
SKU0329,Food,True,False,1.45,0.12,426.15,0.00016960247942310325,2.0
SKU0330,HomeLiving,False,False,0.48,0.61,6.36,0.0002046686428958111,1.0
SKU0331,Food,True,False,4.25,4.22,25.47,0.0008759283084770475,2.0
SKU0332,HomeLiving,False,False,7.17,0.18,612.41,6.380905455805053e-05,1.0
SKU0333,Food,True,False,1.09,0.14,693.27,5.400896272178546e-05,2.0
SKU0334,Office,False,False,2.09,3.66,862.93,0.001035346501339296,1.0
SKU0335,Electronics,False,False,3.69,0.9,59.35,6.292302139565553e-05,2.0
SKU0336,Food,True,False,0.49,8.37,12.56,2.724563553435644e-06,2.0
SKU0337,Electronics,False,True,4.85,17.69,63.01,0.0005881872249363651,2.0
SKU0338,Food,True,True,0.56,19.72,8.51,8.940767810772243e-06,2.0
SKU0339,Electronics,False,False,3.5,1.05,464.28,0.00046627066742976897,2.0
SKU0340,Office,False,False,0.3,0.43,91.86,0.00021191098749362425,1.0
SKU0341,Electronics,False,False,0.58,2.88,40.85,0.00021955883237045892,2.0
SKU0342,Office,False,False,1.43,3.21,7.56,0.0001919652833093366,1.0
SKU0343,Beverage,True,False,1.39,3.11,41.01,9.067481823354928e-05,1.0
SKU0344,Food,True,False,4.61,0.59,449.23,0.0018021695291605133,2.0
SKU0345,Beverage,True,False,7.89,0.14,192.9,7.058993319974949e-05,1.0
SKU0346,Beverage,True,False,0.3,0.32,7.67,6.844895656976657e-05,1.0
SKU0347,Office,False,False,0.54,0.23,11.47,3.07304831628219e-05,1.0
SKU0348,HomeLiving,False,False,0.75,0.2,38.35,0.00014976152754775374,1.0
SKU0349,Food,True,True,1.17,16.64,8.46,0.00021955883237045892,2.0
SKU0350,Electronics,False,False,1.24,0.11,638.98,7.18237255009635e-05,2.0
SKU0351,Food,True,False,4.71,2.77,147.93,4.5132111574086586e-05,2.0
SKU0352,HomeLiving,False,True,3.43,18.71,8.18,0.0006997299845200589,1.0
SKU0353,Apparel,False,False,0.21,0.73,299.4,5.1939544964629825e-05,1.0
SKU0354,Apparel,False,False,1.07,1.84,33.87,9.367342062027717e-06,1.0
SKU0355,Apparel,False,False,1.96,4.66,17.83,1.2532760763628303e-05,1.0
SKU0356,Apparel,False,False,1.09,0.58,96.48,0.00021426509686095496,1.0
SKU0357,Beverage,True,False,0.32,1.4,5.36,2.4124217433807438e-05,1.0
SKU0358,Beverage,True,False,0.87,9.11,56.05,0.0004416021548376836,1.0
SKU0359,Apparel,False,False,0.91,6.13,399.93,8.975288984369723e-05,1.0
SKU0360,Food,True,False,0.4,8.68,619.43,0.0006280750051851358,2.0
SKU0361,Office,False,True,3.26,23.31,29.62,0.0001561352076415723,1.0
SKU0362,Electronics,False,False,0.65,0.77,140.55,0.00042483684499816654,2.0
SKU0363,Electronics,False,False,1.76,6.19,16.24,9.204794577244435e-05,2.0
SKU0364,Electronics,False,False,1.34,2.79,91.71,0.00012321395769476773,2.0
SKU0365,Food,True,False,5.09,3.97,18.7,0.003468972520497382,2.0
SKU0366,Apparel,False,False,0.31,5.95,97.17,0.001010807597535912,1.0
SKU0367,Beverage,True,False,0.3,6.28,12.2,7.680806730858691e-06,1.0
SKU0368,Food,True,True,0.61,13.3,663.29,1.8163757022904292e-06,2.0
SKU0369,HomeLiving,False,False,0.98,0.69,500.28,0.0005261070080421204,1.0
SKU0370,Office,False,False,0.6,3.69,28.76,1.7423852173292786e-05,1.0
SKU0371,Beverage,True,False,3.34,0.47,282.2,1.9412447773148322e-05,1.0
SKU0372,HomeLiving,False,False,0.49,2.67,8.21,2.5882929190146342e-05,1.0
SKU0373,HomeLiving,False,False,0.27,6.33,233.71,6.755906370548015e-05,1.0
SKU0374,HomeLiving,False,False,0.92,7.88,21.68,0.0003045776434765779,1.0
SKU0375,HomeLiving,False,False,3.47,1.02,10.11,0.00015830644433434404,1.0
SKU0376,HomeLiving,False,False,4.61,1.66,169.23,2.518532667417084e-06,1.0
SKU0377,Office,False,False,2.99,0.63,57.35,0.0004612193983922763,1.0
SKU0378,Apparel,False,False,1.57,0.25,78.45,0.0006342434263332253,1.0
SKU0379,Apparel,False,False,2.89,0.42,74.63,3.016519122611694e-05,1.0
SKU0380,Food,True,True,2.47,15.39,6.81,6.071094905713004e-05,2.0
SKU0381,Apparel,False,False,0.47,0.55,6.53,0.00027320560066823596,1.0
SKU0382,Office,False,True,1.53,21.75,113.44,5.669130113572507e-06,1.0
SKU0383,Beverage,True,False,3.43,0.38,127.63,0.00014773101558551716,1.0
SKU0384,Apparel,False,False,0.64,5.42,6.39,0.00034737509858062676,1.0
SKU0385,HomeLiving,False,False,2.23,2.38,35.68,8.940767810883266e-06,1.0
SKU0386,Office,False,False,1.18,4.69,120.54,3.2424815091691706e-05,1.0
SKU0387,Food,True,False,1.28,3.5,151.34,0.00038430727352178895,2.0
SKU0388,Office,False,False,0.28,4.95,368.94,2.838378442293621e-05,1.0
SKU0389,Electronics,False,True,2.34,14.84,44.45,0.00014617540134176377,2.0
SKU0390,Beverage,True,False,4.87,2.24,86.19,0.00020659432535519162,1.0
SKU0391,Food,True,False,0.34,0.15,100.87,0.00016730750068838507,2.0
SKU0392,Electronics,False,False,0.77,0.45,25.28,0.00039829274887692723,2.0
SKU0393,Food,True,False,0.24,4.99,6.61,3.49032840540886e-06,2.0
SKU0394,Food,True,False,0.22,1.53,5.11,0.0001315196501591176,2.0
SKU0395,Electronics,False,False,7.7,2.07,384.29,8.029855010149856e-05,2.0
SKU0396,Apparel,False,False,1.23,2.7,14.14,0.0013549056548368688,1.0
SKU0397,Beverage,True,False,0.74,0.83,131.94,5.400896272189648e-05,1.0
SKU0398,HomeLiving,False,False,0.55,7.17,100.09,9.9479956120474e-06,1.0
SKU0399,Apparel,False,False,7.43,5.43,39.83,2.6944270011708404e-05,1.0
SKU0400,Apparel,False,False,0.51,5.16,379.07,2.548337285213087e-05,1.0
SKU0401,HomeLiving,False,False,2.91,5.19,187.96,0.0002663031414175121,1.0
SKU0402,Office,False,True,0.57,13.65,5.63,3.7882201959771322e-06,1.0
SKU0403,Beverage,True,False,0.26,2.68,282.25,7.720175690950626e-07,1.0
SKU0404,Electronics,False,True,2.49,20.84,69.56,2.9754673334769777e-05,2.0
SKU0405,Office,False,False,0.2,0.19,30.31,0.00010026725810885484,1.0
SKU0406,Office,False,False,2.42,3.28,217.92,0.00565144634917128,1.0
SKU0407,HomeLiving,False,False,0.5,5.24,176.29,0.00019618934104115304,1.0
SKU0408,Beverage,True,False,3.14,1.39,25.09,0.00025449924675613467,1.0
SKU0409,Electronics,False,False,3.42,0.49,824.12,0.0004285919489521728,2.0
SKU0410,Office,False,False,2.89,2.08,145.21,2.6280787259413962e-05,1.0
SKU0411,Food,True,False,0.22,0.75,116.19,9.910656856104705e-05,2.0
SKU0412,Food,True,True,2.68,15.14,7.19,1.6938687648071493e-06,2.0
SKU0413,Electronics,False,False,7.71,0.72,21.33,0.00012009516419186905,2.0
SKU0414,Office,False,False,0.49,0.26,50.94,0.0002948284225111619,1.0
SKU0415,Electronics,False,False,0.55,2.41,132.19,0.0003341717532133748,2.0
SKU0416,HomeLiving,False,False,4.02,0.89,71.68,5.763522982715763e-05,1.0
SKU0417,HomeLiving,False,False,0.36,0.17,262.92,0.0005052116628087022,1.0
SKU0418,Beverage,True,False,2.29,2.26,19.55,0.0001189272184045631,1.0
SKU0419,HomeLiving,False,False,3.24,1.95,191.66,0.0001157966142139033,1.0
SKU0420,Office,False,False,0.23,0.26,347.23,8.780898959148686e-05,1.0
SKU0421,Food,True,False,1.54,2.71,265.68,3.632751404136769e-07,2.0
SKU0422,Electronics,False,False,1.67,2.29,273.8,0.00017836971503759624,2.0
SKU0423,Electronics,False,False,0.61,7.16,504.42,0.0015205102550580607,2.0
SKU0424,Electronics,False,False,5.07,0.74,7.74,0.0002688936961218191,2.0
SKU0425,Food,True,False,0.36,0.39,186.78,0.0009081035552455097,2.0
SKU0426,Beverage,True,True,0.77,19.1,764.9,2.8554846409623025e-06,1.0
SKU0427,HomeLiving,False,False,4.58,2.22,98.34,0.0001046864623673871,1.0
SKU0428,Beverage,True,False,0.4,0.12,15.46,0.00027606726083218014,1.0
SKU0429,Electronics,False,False,4.14,9.29,894.19,0.0003720412953517327,2.0
SKU0430,Beverage,True,False,0.27,0.3,12.39,0.00022278755018279028,1.0
SKU0431,Office,False,False,1.22,7.67,28.56,1.2532760763628303e-05,1.0
SKU0432,Beverage,True,False,0.26,4.91,12.22,0.00020224073602848058,1.0
SKU0433,Food,True,True,2.44,21.05,55.79,3.7882201959771322e-06,2.0
SKU0434,Beverage,True,True,3.7,20.67,44.02,0.0010108075975360231,1.0
SKU0435,Electronics,False,False,4.6,0.46,64.1,7.645189401905839e-05,2.0
SKU0436,HomeLiving,False,False,7.47,6.88,619.19,0.0003762686724271269,1.0
SKU0437,Electronics,False,False,2.39,0.58,59.94,3.65032076746763e-05,2.0
SKU0438,Apparel,False,False,3.41,3.23,72.38,2.518532667417084e-06,1.0
SKU0439,Beverage,True,False,1.29,2.71,499.67,0.000981812127559989,1.0
SKU0440,Food,True,False,5.8,0.14,349.33,1.531498826290445e-05,2.0
SKU0441,Beverage,True,False,2.15,0.1,17.36,7.720175690950626e-07,1.0
SKU0442,HomeLiving,False,False,5.21,0.14,5.35,6.215447755841819e-05,1.0
SKU0443,Food,True,False,0.48,0.2,131.42,0.0001046864623673871,2.0
SKU0444,HomeLiving,False,False,1.25,0.41,402.1,0.0004612193983922763,1.0
SKU0445,HomeLiving,False,True,2.95,14.96,88.27,0.00017689677560817074,1.0
SKU0446,Food,True,False,0.42,1.75,14.97,0.00012009516419175803,2.0
SKU0447,Office,False,False,0.44,8.15,234.92,4.513211157419761e-05,1.0
SKU0448,Food,True,False,7.38,10.24,161.79,2.2325519166255248e-05,2.0
SKU0449,Electronics,False,False,0.99,5.79,94.03,0.0001087342861115781,2.0
SKU0450,Food,True,False,0.39,0.87,442.62,0.001242583235474437,2.0
SKU0451,Electronics,False,False,0.68,11.79,293.53,1.828495166156241e-05,2.0
SKU0452,Office,False,False,0.87,6.02,160.47,4.8589400931442484e-05,1.0
SKU0453,Food,True,False,1.99,6.05,157.83,0.0003669208604566432,2.0
SKU0454,HomeLiving,False,True,6.02,14.52,155.75,3.07304831628219e-05,1.0
SKU0455,Electronics,False,False,7.61,2.73,76.45,4.359301685519235e-06,2.0
SKU0456,HomeLiving,False,False,2.21,1.85,55.62,1.8163757009581616e-07,1.0
SKU0457,Office,False,True,2.64,13.63,199.21,4.1442390968926546e-06,1.0
SKU0458,Apparel,False,False,0.66,1.23,119.07,0.000981812127559989,1.0
SKU0459,Beverage,True,False,4.72,8.83,63.68,0.0002046686428958111,1.0
SKU0460,Food,True,False,0.45,0.13,9.65,5.477071348380935e-05,2.0
SKU0461,Apparel,False,False,0.3,0.1,191.43,9.738799770508955e-06,1.0
SKU0462,HomeLiving,False,False,7.25,1.85,143.18,7.318604587480682e-05,1.0
SKU0463,Office,False,False,4.85,0.15,29.57,0.00026000951154048213,1.0
SKU0464,HomeLiving,False,True,0.61,21.96,31.81,0.00019618934104126406,1.0
SKU0465,Apparel,False,False,2.41,0.1,18.01,8.302952076000292e-05,1.0
SKU0466,Food,True,False,1.12,5.27,738.5,9.081878511452146e-07,2.0
SKU0467,Food,True,False,0.66,0.38,435.47,9.580744978665567e-05,2.0
SKU0468,Office,False,True,0.58,20.9,92.11,0.0005762022330628724,1.0
SKU0469,HomeLiving,False,False,0.33,0.82,40.25,1.7423852173292786e-05,1.0
SKU0470,Apparel,False,False,1.52,0.12,229.46,9.738799770508955e-06,1.0
SKU0471,Apparel,False,False,1.04,0.12,77.47,6.952172210872298e-05,1.0
SKU0472,Apparel,False,False,1.32,2.12,793.93,0.0002166185114822472,1.0
SKU0473,Electronics,False,True,0.44,23.23,6.66,6.071094905724106e-05,2.0
SKU0474,Electronics,False,True,6.38,22.36,5.97,8.029855010138753e-05,2.0
SKU0475,HomeLiving,False,False,2.11,0.64,95.79,1.862090011273132e-05,1.0
SKU0476,HomeLiving,False,False,5.52,1.44,14.37,0.0005052116628087022,1.0
SKU0477,Apparel,False,False,0.3,0.17,115.3,0.0010889335214521179,1.0
SKU0478,Food,True,False,1.99,1.79,289.26,0.0016226594266069982,2.0
SKU0479,Food,True,False,4.59,2.74,10.24,0.0018624468021150031,2.0
SKU0480,Apparel,False,False,0.68,0.4,49.28,0.00014617540134176377,1.0
SKU0481,Apparel,False,False,0.41,2.94,178.69,0.0002948284225110509,1.0
SKU0482,HomeLiving,False,True,0.53,14.37,379.8,1.8963796027282598e-05,1.0
SKU0483,Food,True,False,0.55,0.1,65.82,1.2714629916699138e-06,2.0
SKU0484,HomeLiving,False,False,1.04,0.35,14.58,3.308289426140476e-05,1.0
SKU0485,Electronics,False,False,0.67,0.32,104.74,2.548337285213087e-05,2.0
SKU0486,Apparel,False,False,0.54,0.2,52.97,0.00018694026024457244,1.0
SKU0487,Apparel,False,False,2.19,0.25,275.34,0.00017689677560817074,1.0
SKU0488,HomeLiving,False,False,0.24,3.17,89.53,9.910656856104705e-05,1.0
SKU0489,Apparel,False,False,0.7,0.18,21.34,0.0013936646266753394,1.0
SKU0490,Apparel,False,False,2.55,5.9,251.38,3.842441287982279e-05,1.0
SKU0491,Food,True,True,0.38,13.4,73.56,4.56273885185432e-05,2.0
SKU0492,Food,True,True,0.45,16.67,12.57,0.00017528450094095316,2.0
SKU0493,Food,True,False,0.42,3.83,93.08,0.0007362856841404142,2.0
SKU0494,HomeLiving,False,False,0.2,0.3,688.16,0.0004761603043494933,1.0
SKU0495,Beverage,True,False,1.15,0.16,195.03,0.00021191098749362425,1.0
SKU0496,Apparel,False,False,0.23,0.36,23.6,2.6280787259413962e-05,1.0
SKU0497,Apparel,False,True,0.55,20.26,200.53,1.3275676180479756e-05,1.0
SKU0498,Food,True,True,7.85,20.31,21.69,0.0004517880624732573,2.0
SKU0499,HomeLiving,False,False,5.92,0.82,83.73,0.0003045776434765779,1.0
SKU0500,Apparel,False,False,0.44,0.6,77.02,0.00019618934104115304,1.0
