truck_id,planned_departure_h,planned_arrival_h,actual_arrival_h,delay_h,loading_time_h,capacity_orders,planned_departure_at,actual_arrival_at
TRK0000,10.0,8.0,8.0,0.0,0.6002938292053226,100,2023-01-02 10:00:00,2023-01-02 08:00:00.000000000
TRK0001,14.0,12.0,12.0,0.0,0.9911528524121231,100,2023-01-02 14:00:00,2023-01-02 12:00:00.000000000
TRK0002,18.0,16.0,16.0,0.0,0.549493272560881,100,2023-01-02 18:00:00,2023-01-02 16:00:00.000000000
TRK0003,22.0,20.0,20.0,0.0,0.5942070654708036,100,2023-01-02 22:00:00,2023-01-02 20:00:00.000000000
TRK0004,34.0,32.0,32.0,0.0,0.6365118598597911,100,2023-01-03 10:00:00,2023-01-03 08:00:00.000000000
TRK0005,38.0,36.0,36.0,0.0,0.7439143350327123,100,2023-01-03 14:00:00,2023-01-03 12:00:00.000000000
TRK0006,42.0,40.0,40.0,0.0,0.5559959980013225,100,2023-01-03 18:00:00,2023-01-03 16:00:00.000000000
TRK0007,46.0,44.0,44.0,0.0,0.7490757738452579,100,2023-01-03 22:00:00,2023-01-03 20:00:00.000000000
TRK0008,58.0,56.0,55.77690007804066,-0.22309992195933717,0.7707545863074571,100,2023-01-04 10:00:00,2023-01-04 07:46:36.840280947
TRK0009,62.0,60.0,60.358376950692005,0.3583769506920085,0.5263609620398159,100,2023-01-04 14:00:00,2023-01-04 12:21:30.157022491
TRK0010,66.0,64.0,64.0,0.0,0.7297247630235496,100,2023-01-04 18:00:00,2023-01-04 16:00:00.000000000
TRK0011,70.0,68.0,68.32119833197936,0.3211983319793554,0.6652917740266641,100,2023-01-04 22:00:00,2023-01-04 20:19:16.313995124
TRK0012,82.0,80.0,79.7994121165355,-0.20058788346449316,0.44342880107571536,100,2023-01-05 10:00:00,2023-01-05 07:47:57.883619529
TRK0013,86.0,84.0,83.93458152902673,-0.06541847097327176,0.852748859902724,100,2023-01-05 14:00:00,2023-01-05 11:56:04.493504497
TRK0014,90.0,88.0,88.56885225271209,0.5688522527120913,0.928623552629313,100,2023-01-05 18:00:00,2023-01-05 16:34:07.868109763
TRK0015,94.0,92.0,92.0,0.0,0.8618583630231421,100,2023-01-05 22:00:00,2023-01-05 20:00:00.000000000
TRK0016,106.0,104.0,104.0,0.0,0.7545088672889334,100,2023-01-06 10:00:00,2023-01-06 08:00:00.000000000
TRK0017,110.0,108.0,108.0,0.0,0.7124901811137974,100,2023-01-06 14:00:00,2023-01-06 12:00:00.000000000
TRK0018,114.0,112.0,112.0,0.0,0.7091128106739358,100,2023-01-06 18:00:00,2023-01-06 16:00:00.000000000
TRK0019,118.0,116.0,116.0,0.0,0.8126563901877168,100,2023-01-06 22:00:00,2023-01-06 20:00:00.000000000
TRK0020,130.0,128.0,130.23001199754032,2.2300119975403216,0.6569139810779028,100,2023-01-07 10:00:00,2023-01-07 10:13:48.043191144
TRK0021,134.0,132.0,132.0,0.0,0.8079277990490263,100,2023-01-07 14:00:00,2023-01-07 12:00:00.000000000
TRK0022,138.0,136.0,136.266562171737,0.2665621717370078,0.8916679982997813,100,2023-01-07 18:00:00,2023-01-07 16:15:59.623818253
TRK0023,142.0,140.0,139.50030568333173,-0.49969431666826525,0.7317042681708553,100,2023-01-07 22:00:00,2023-01-07 19:30:01.100459995
TRK0024,154.0,152.0,152.0,0.0,0.7435557154055077,100,2023-01-08 10:00:00,2023-01-08 08:00:00.000000000
TRK0025,158.0,156.0,156.0,0.0,0.7173277668649912,100,2023-01-08 14:00:00,2023-01-08 12:00:00.000000000
TRK0026,162.0,160.0,160.0,0.0,0.8436756028834913,100,2023-01-08 18:00:00,2023-01-08 16:00:00.000000000
TRK0027,166.0,164.0,164.0,0.0,0.5696085532217743,100,2023-01-08 22:00:00,2023-01-08 20:00:00.000000000
TRK0028,178.0,176.0,176.0,0.0,0.5876246254981576,100,2023-01-09 10:00:00,2023-01-09 08:00:00.000000000
TRK0029,182.0,180.0,180.4085818398235,0.4085818398235023,1.0841690693286172,100,2023-01-09 14:00:00,2023-01-09 12:24:30.894623366
TRK0030,186.0,184.0,184.0,0.0,0.9861586894072533,100,2023-01-09 18:00:00,2023-01-09 16:00:00.000000000
TRK0031,190.0,188.0,188.0,0.0,0.7169215000480297,100,2023-01-09 22:00:00,2023-01-09 20:00:00.000000000
TRK0032,202.0,200.0,200.90660237857716,0.9066023785771633,0.8648587261341305,100,2023-01-10 10:00:00,2023-01-10 08:54:23.768562877
TRK0033,206.0,204.0,202.15916499840202,-1.8408350015979673,0.8777072768130905,100,2023-01-10 14:00:00,2023-01-10 10:09:32.993994247
TRK0034,210.0,208.0,209.36381935951883,1.3638193595188333,0.7312216146611891,100,2023-01-10 18:00:00,2023-01-10 17:21:49.749694268
TRK0035,214.0,212.0,212.7996973258024,0.7996973258024008,0.5275317833260073,100,2023-01-10 22:00:00,2023-01-10 20:47:58.910372887
TRK0036,226.0,224.0,224.0,0.0,0.6490918360898497,100,2023-01-11 10:00:00,2023-01-11 08:00:00.000000000
TRK0037,230.0,228.0,228.0,0.0,1.1269215877161005,100,2023-01-11 14:00:00,2023-01-11 12:00:00.000000000
TRK0038,234.0,232.0,231.87883426922076,-0.121165730779241,0.40229202027589855,100,2023-01-11 18:00:00,2023-01-11 15:52:43.803369195
TRK0039,238.0,236.0,236.84080816879225,0.8408081687922406,0.6446810335750783,100,2023-01-11 22:00:00,2023-01-11 20:50:26.909407651
TRK0040,250.0,248.0,248.0,0.0,0.924920076756753,100,2023-01-12 10:00:00,2023-01-12 08:00:00.000000000
TRK0041,254.0,252.0,252.0,0.0,0.8841722334443329,100,2023-01-12 14:00:00,2023-01-12 12:00:00.000000000
TRK0042,258.0,256.0,256.0,0.0,0.5625196470603238,100,2023-01-12 18:00:00,2023-01-12 16:00:00.000000000
TRK0043,262.0,260.0,260.0,0.0,1.0494347109517377,100,2023-01-12 22:00:00,2023-01-12 20:00:00.000000000
TRK0044,274.0,272.0,272.0,0.0,0.40481834759668645,100,2023-01-13 10:00:00,2023-01-13 08:00:00.000000000
TRK0045,278.0,276.0,276.18519776564887,0.18519776564889126,0.8840068832869469,100,2023-01-13 14:00:00,2023-01-13 12:11:06.711956336
TRK0046,282.0,280.0,280.84081947870584,0.8408194787058408,0.8351289252801753,100,2023-01-13 18:00:00,2023-01-13 16:50:26.950123341
TRK0047,286.0,284.0,284.0,0.0,0.8312858855235266,100,2023-01-13 22:00:00,2023-01-13 20:00:00.000000000
TRK0048,298.0,296.0,296.0,0.0,0.8472796399807271,100,2023-01-14 10:00:00,2023-01-14 08:00:00.000000000
TRK0049,302.0,300.0,301.89083683508386,1.8908368350838747,0.9609038586292102,100,2023-01-14 14:00:00,2023-01-14 13:53:27.012606302
TRK0050,306.0,304.0,304.5673174041113,0.5673174041113125,1.009757410274761,100,2023-01-14 18:00:00,2023-01-14 16:34:02.342654799
TRK0051,310.0,308.0,308.0,0.0,0.8809205838458315,100,2023-01-14 22:00:00,2023-01-14 20:00:00.000000000
TRK0052,322.0,320.0,320.0,0.0,0.8259931637957914,100,2023-01-15 10:00:00,2023-01-15 08:00:00.000000000
TRK0053,326.0,324.0,324.0,0.0,0.6478005065131451,100,2023-01-15 14:00:00,2023-01-15 12:00:00.000000000
TRK0054,330.0,328.0,328.0,0.0,0.8411964641786152,100,2023-01-15 18:00:00,2023-01-15 16:00:00.000000000
TRK0055,334.0,332.0,331.7941104152121,-0.20588958478790761,0.7739800885031924,100,2023-01-15 22:00:00,2023-01-15 19:47:38.797494763
TRK0056,346.0,344.0,344.0,0.0,1.0163500035189408,100,2023-01-16 10:00:00,2023-01-16 08:00:00.000000000
TRK0057,350.0,348.0,348.0,0.0,0.6981927996348407,100,2023-01-16 14:00:00,2023-01-16 12:00:00.000000000
TRK0058,354.0,352.0,352.0,0.0,1.0174197687279438,100,2023-01-16 18:00:00,2023-01-16 16:00:00.000000000
TRK0059,358.0,356.0,355.63653976433505,-0.3634602356649419,0.9123954447486577,100,2023-01-16 22:00:00,2023-01-16 19:38:11.543151606
TRK0060,370.0,368.0,369.21774231262526,1.2177423126252704,0.8824795313649861,100,2023-01-17 10:00:00,2023-01-17 09:13:03.872325450
TRK0061,374.0,372.0,372.5144674257996,0.5144674257995673,0.9017481429055619,100,2023-01-17 14:00:00,2023-01-17 12:30:52.082732880
TRK0062,378.0,376.0,376.2462690323708,0.24626903237075137,0.8451952648859825,100,2023-01-17 18:00:00,2023-01-17 16:14:46.568516535
TRK0063,382.0,380.0,381.4271335046608,1.4271335046607718,1.075092619565863,100,2023-01-17 22:00:00,2023-01-17 21:25:37.680616779
TRK0064,394.0,392.0,392.45140734914094,0.45140734914092084,0.7298624034747125,100,2023-01-18 10:00:00,2023-01-18 08:27:05.066456907
TRK0065,398.0,396.0,395.96395130677826,-0.03604869322175972,1.0496013152698893,100,2023-01-18 14:00:00,2023-01-18 11:57:50.224704400
TRK0066,402.0,400.0,400.0,0.0,0.6041355545123126,100,2023-01-18 18:00:00,2023-01-18 16:00:00.000000000
TRK0067,406.0,404.0,404.0,0.0,0.970282713455597,100,2023-01-18 22:00:00,2023-01-18 20:00:00.000000000
TRK0068,418.0,416.0,416.0,0.0,0.770780157133031,100,2023-01-19 10:00:00,2023-01-19 08:00:00.000000000
TRK0069,422.0,420.0,420.0,0.0,0.9618975086346473,100,2023-01-19 14:00:00,2023-01-19 12:00:00.000000000
TRK0070,426.0,424.0,424.0,0.0,0.35013030906843545,100,2023-01-19 18:00:00,2023-01-19 16:00:00.000000000
TRK0071,430.0,428.0,428.0,0.0,0.7492354034804821,100,2023-01-19 22:00:00,2023-01-19 20:00:00.000000000
TRK0072,442.0,440.0,440.0,0.0,0.7342219200204569,100,2023-01-20 10:00:00,2023-01-20 08:00:00.000000000
TRK0073,446.0,444.0,443.95328550674844,-0.046714493251540236,0.979324593382506,100,2023-01-20 14:00:00,2023-01-20 11:57:11.827824292
TRK0074,450.0,448.0,448.8940770620195,0.8940770620194964,0.7730155502945377,100,2023-01-20 18:00:00,2023-01-20 16:53:38.677423272
TRK0075,454.0,452.0,451.71307274532086,-0.286927254679158,0.7348048782525739,100,2023-01-20 22:00:00,2023-01-20 19:42:47.061883155
TRK0076,466.0,464.0,464.54445904169876,0.5444590416987755,0.8554168419024172,100,2023-01-21 10:00:00,2023-01-21 08:32:40.052550116
TRK0077,470.0,468.0,467.90116298327877,-0.0988370167212449,0.5731181193514037,100,2023-01-21 14:00:00,2023-01-21 11:54:04.186739804
TRK0078,474.0,472.0,473.1892143438331,1.1892143438331222,0.7039807271173191,100,2023-01-21 18:00:00,2023-01-21 17:11:21.171637798
TRK0079,478.0,476.0,476.3769699218346,0.3769699218345897,0.5117910394016052,100,2023-01-21 22:00:00,2023-01-21 20:22:37.091718606
TRK0080,490.0,488.0,488.0,0.0,0.8183937136213396,100,2023-01-22 10:00:00,2023-01-22 08:00:00.000000000
TRK0081,494.0,492.0,491.3313303653062,-0.6686696346937995,0.8350464477171935,100,2023-01-22 14:00:00,2023-01-22 11:19:52.789315101
TRK0082,498.0,496.0,496.20657285429337,0.20657285429338285,0.6803652311018893,100,2023-01-22 18:00:00,2023-01-22 16:12:23.662275454
TRK0083,502.0,500.0,500.0,0.0,0.8349895462888615,100,2023-01-22 22:00:00,2023-01-22 20:00:00.000000000
TRK0084,514.0,512.0,512.1260495196087,0.12604951960867827,0.7388872419378989,100,2023-01-23 10:00:00,2023-01-23 08:07:33.778270592
TRK0085,518.0,516.0,517.0744115777685,1.0744115777685348,1.0395440850353839,100,2023-01-23 14:00:00,2023-01-23 13:04:27.881679968
TRK0086,522.0,520.0,520.2301483889474,0.23014838894748865,0.7509502195027428,100,2023-01-23 18:00:00,2023-01-23 16:13:48.534200209
TRK0087,526.0,524.0,524.0,0.0,0.6628874226363793,100,2023-01-23 22:00:00,2023-01-23 20:00:00.000000000
TRK0088,538.0,536.0,536.0633799661092,0.06337996610918042,1.0427995889138972,100,2023-01-24 10:00:00,2023-01-24 08:03:48.167877992
TRK0089,542.0,540.0,540.6769257509413,0.6769257509413641,0.7063241979227052,100,2023-01-24 14:00:00,2023-01-24 12:40:36.932703387
TRK0090,546.0,544.0,544.0,0.0,0.6710584118678076,100,2023-01-24 18:00:00,2023-01-24 16:00:00.000000000
TRK0091,550.0,548.0,548.0,0.0,0.6248412423822997,100,2023-01-24 22:00:00,2023-01-24 20:00:00.000000000
TRK0092,562.0,560.0,560.2739809512167,0.27398095121666943,0.5940670238396027,100,2023-01-25 10:00:00,2023-01-25 08:16:26.331424381
TRK0093,566.0,564.0,564.4295817522499,0.4295817522499208,0.4520996223660652,100,2023-01-25 14:00:00,2023-01-25 12:25:46.494308100
TRK0094,570.0,568.0,569.4405458109499,1.4405458109498799,0.8992060855847411,100,2023-01-25 18:00:00,2023-01-25 17:26:25.964919420
TRK0095,574.0,572.0,572.0,0.0,0.9956601373040516,100,2023-01-25 22:00:00,2023-01-25 20:00:00.000000000
TRK0096,586.0,584.0,585.0071299953914,1.0071299953913855,0.985193442838989,100,2023-01-26 10:00:00,2023-01-26 09:00:25.667983407
TRK0097,590.0,588.0,588.9707429788992,0.9707429788992028,1.0047196271131325,100,2023-01-26 14:00:00,2023-01-26 12:58:14.674724036
TRK0098,594.0,592.0,592.0,0.0,0.5291073242828738,100,2023-01-26 18:00:00,2023-01-26 16:00:00.000000000
TRK0099,598.0,596.0,596.5640404678336,0.5640404678335504,0.5675070885211643,100,2023-01-26 22:00:00,2023-01-26 20:33:50.545684202
TRK0100,610.0,608.0,608.0,0.0,0.6721406226912225,100,2023-01-27 10:00:00,2023-01-27 08:00:00.000000000
TRK0101,614.0,612.0,612.0,0.0,0.8156655353416714,100,2023-01-27 14:00:00,2023-01-27 12:00:00.000000000
TRK0102,618.0,616.0,616.1458047434102,0.14580474341021535,0.4063587545135515,100,2023-01-27 18:00:00,2023-01-27 16:08:44.897076276
TRK0103,622.0,620.0,620.2219171646207,0.22191716462065306,0.8029067140886565,100,2023-01-27 22:00:00,2023-01-27 20:13:18.901792635
TRK0104,634.0,632.0,632.0,0.0,0.3071504822960992,100,2023-01-28 10:00:00,2023-01-28 08:00:00.000000000
TRK0105,638.0,636.0,636.9480877431657,0.9480877431657455,0.8594874475539648,100,2023-01-28 14:00:00,2023-01-28 12:56:53.115875397
TRK0106,642.0,640.0,640.0,0.0,0.878930355107906,100,2023-01-28 18:00:00,2023-01-28 16:00:00.000000000
TRK0107,646.0,644.0,644.3511517654136,0.3511517654136698,0.9436157253188798,100,2023-01-28 22:00:00,2023-01-28 20:21:04.146355490
TRK0108,658.0,656.0,656.3788670547302,0.37886705473018,0.556130453923999,100,2023-01-29 10:00:00,2023-01-29 08:22:43.921397028
TRK0109,662.0,660.0,660.0,0.0,0.43086954993063864,100,2023-01-29 14:00:00,2023-01-29 12:00:00.000000000
TRK0110,666.0,664.0,663.6653609802291,-0.33463901977083077,0.481707191380919,100,2023-01-29 18:00:00,2023-01-29 15:39:55.299528824
TRK0111,670.0,668.0,668.0,0.0,0.6595283773163874,100,2023-01-29 22:00:00,2023-01-29 20:00:00.000000000
TRK0112,682.0,680.0,680.3468045189867,0.34680451898672326,0.4947944790147375,100,2023-01-30 10:00:00,2023-01-30 08:20:48.496268353
TRK0113,686.0,684.0,684.4149399246569,0.41493992465694357,0.6652321409884279,100,2023-01-30 14:00:00,2023-01-30 12:24:53.783728765
TRK0114,690.0,688.0,688.0,0.0,0.711598598311513,100,2023-01-30 18:00:00,2023-01-30 16:00:00.000000000
TRK0115,694.0,692.0,693.0113784301038,1.0113784301037816,1.1832232754910283,100,2023-01-30 22:00:00,2023-01-30 21:00:40.962348374
TRK0116,706.0,704.0,704.0,0.0,0.8850766916286542,100,2023-01-31 10:00:00,2023-01-31 08:00:00.000000000
TRK0117,710.0,708.0,708.0,0.0,0.7013204704044739,100,2023-01-31 14:00:00,2023-01-31 12:00:00.000000000
TRK0118,714.0,712.0,711.3004755327461,-0.6995244672539074,0.3760273019113527,100,2023-01-31 18:00:00,2023-01-31 15:18:01.711917885
TRK0119,718.0,716.0,716.8810637393656,0.88106373936557,0.7335754351188788,100,2023-01-31 22:00:00,2023-01-31 20:52:51.829461717
TRK0120,730.0,728.0,728.0,0.0,0.8537402369573376,100,2023-02-01 10:00:00,2023-02-01 08:00:00.000000000
TRK0121,734.0,732.0,730.5819394676544,-1.4180605323456763,0.7693834038001124,100,2023-02-01 14:00:00,2023-02-01 10:34:54.982083554
TRK0122,738.0,736.0,735.3341408975076,-0.6658591024923599,0.623301693313007,100,2023-02-01 18:00:00,2023-02-01 15:20:02.907231028
TRK0123,742.0,740.0,740.0,0.0,0.5686767046172247,100,2023-02-01 22:00:00,2023-02-01 20:00:00.000000000
TRK0124,754.0,752.0,751.9879460573854,-0.012053942614605372,0.6400798028676264,100,2023-02-02 10:00:00,2023-02-02 07:59:16.605806586
TRK0125,758.0,756.0,756.0,0.0,0.6619173825132215,100,2023-02-02 14:00:00,2023-02-02 12:00:00.000000000
TRK0126,762.0,760.0,760.7768528615911,0.7768528615910908,0.8819206733035481,100,2023-02-02 18:00:00,2023-02-02 16:46:36.670301727
TRK0127,766.0,764.0,764.0,0.0,0.6011649785775219,100,2023-02-02 22:00:00,2023-02-02 20:00:00.000000000
TRK0128,778.0,776.0,776.0,0.0,0.9839095136367665,100,2023-02-03 10:00:00,2023-02-03 08:00:00.000000000
TRK0129,782.0,780.0,779.9076964846532,-0.09230351534673333,0.6526589737851137,100,2023-02-03 14:00:00,2023-02-03 11:54:27.707344750
TRK0130,786.0,784.0,783.4666111018809,-0.533388898119127,0.7092450798478064,100,2023-02-03 18:00:00,2023-02-03 15:27:59.799966771
TRK0131,790.0,788.0,788.2921403193,0.29214031929993967,0.8410609511979006,100,2023-02-03 22:00:00,2023-02-03 20:17:31.705149480
TRK0132,802.0,800.0,800.1389122379544,0.1389122379543867,0.5782878383725992,100,2023-02-04 10:00:00,2023-02-04 08:08:20.084056634
TRK0133,806.0,804.0,804.4851754507832,0.48517545078327934,0.6675431729697382,100,2023-02-04 14:00:00,2023-02-04 12:29:06.631622818
TRK0134,810.0,808.0,808.4109192725522,0.4109192725522059,1.2010287075760921,100,2023-02-04 18:00:00,2023-02-04 16:24:39.309381187
TRK0135,814.0,812.0,812.3957790634757,0.39577906347576736,0.3939263224569575,100,2023-02-04 22:00:00,2023-02-04 20:23:44.804628513
TRK0136,826.0,824.0,824.1638006131972,0.1638006131971355,0.8193269473146961,100,2023-02-05 10:00:00,2023-02-05 08:09:49.682207509
TRK0137,830.0,828.0,828.1990621243265,0.1990621243265288,0.6266316485589729,100,2023-02-05 14:00:00,2023-02-05 12:11:56.623647573
TRK0138,834.0,832.0,832.0,0.0,0.8231951653644267,100,2023-02-05 18:00:00,2023-02-05 16:00:00.000000000
TRK0139,838.0,836.0,836.4279564661432,0.4279564661432375,0.7786528714059745,100,2023-02-05 22:00:00,2023-02-05 20:25:40.643278114
TRK0140,850.0,848.0,847.6381917354664,-0.36180826453358783,0.4717934111388389,100,2023-02-06 10:00:00,2023-02-06 07:38:17.490247677
TRK0141,854.0,852.0,851.6561509040769,-0.34384909592314794,0.6020222289289234,100,2023-02-06 14:00:00,2023-02-06 11:39:22.143254677
TRK0142,858.0,856.0,856.1269661436684,0.12696614366833303,0.3375324682462263,100,2023-02-06 18:00:00,2023-02-06 16:07:37.078117204
TRK0143,862.0,860.0,860.0,0.0,0.9093392497895691,100,2023-02-06 22:00:00,2023-02-06 20:00:00.000000000
TRK0144,874.0,872.0,872.0,0.0,0.8051273106842646,100,2023-02-07 10:00:00,2023-02-07 08:00:00.000000000
TRK0145,878.0,876.0,878.3309101363739,2.330910136373908,0.8488459080647723,100,2023-02-07 14:00:00,2023-02-07 14:19:51.276490946
TRK0146,882.0,880.0,880.6615994674393,0.6615994674392249,0.6601450268112019,100,2023-02-07 18:00:00,2023-02-07 16:39:41.758082780
TRK0147,886.0,884.0,883.8547746207555,-0.14522537924446063,0.6113972840855901,100,2023-02-07 22:00:00,2023-02-07 19:51:17.188634721
TRK0148,898.0,896.0,896.0929827197335,0.09298271973355161,0.6725610931878014,100,2023-02-08 10:00:00,2023-02-08 08:05:34.737791042
TRK0149,902.0,900.0,900.4474318346421,0.4474318346421045,0.4981786440818846,100,2023-02-08 14:00:00,2023-02-08 12:26:50.754604711
TRK0150,906.0,904.0,904.0,0.0,0.8057447907695674,100,2023-02-08 18:00:00,2023-02-08 16:00:00.000000000
TRK0151,910.0,908.0,908.57799697572,0.5779969757200006,0.5089706516068009,100,2023-02-08 22:00:00,2023-02-08 20:34:40.789112592
TRK0152,922.0,920.0,920.0,0.0,1.1134837377913593,100,2023-02-09 10:00:00,2023-02-09 08:00:00.000000000
TRK0153,926.0,924.0,924.0,0.0,0.5463583908057572,100,2023-02-09 14:00:00,2023-02-09 12:00:00.000000000
TRK0154,930.0,928.0,928.0,0.0,0.5388114553766757,100,2023-02-09 18:00:00,2023-02-09 16:00:00.000000000
TRK0155,934.0,932.0,932.0,0.0,0.6113550127282141,100,2023-02-09 22:00:00,2023-02-09 20:00:00.000000000
TRK0156,946.0,944.0,944.0,0.0,0.7725407958912816,100,2023-02-10 10:00:00,2023-02-10 08:00:00.000000000
TRK0157,950.0,948.0,948.0,0.0,0.9368750669577263,100,2023-02-10 14:00:00,2023-02-10 12:00:00.000000000
TRK0158,954.0,952.0,952.0,0.0,0.9431561962694814,100,2023-02-10 18:00:00,2023-02-10 16:00:00.000000000
TRK0159,958.0,956.0,956.0,0.0,0.571628668254828,100,2023-02-10 22:00:00,2023-02-10 20:00:00.000000000
TRK0160,970.0,968.0,968.0,0.0,0.6605664501082038,100,2023-02-11 10:00:00,2023-02-11 08:00:00.000000000
TRK0161,974.0,972.0,972.0,0.0,0.9383315106832966,100,2023-02-11 14:00:00,2023-02-11 12:00:00.000000000
TRK0162,978.0,976.0,978.1351193364238,2.1351193364238625,0.594846788149916,100,2023-02-11 18:00:00,2023-02-11 18:08:06.429611126
TRK0163,982.0,980.0,979.9751358849802,-0.024864115019820124,0.4633175182721583,100,2023-02-11 22:00:00,2023-02-11 19:58:30.489185928
TRK0164,994.0,992.0,993.1064898513541,1.1064898513540746,0.6144088095779505,100,2023-02-12 10:00:00,2023-02-12 09:06:23.363464874
TRK0165,998.0,996.0,996.0,0.0,1.0466623933453836,100,2023-02-12 14:00:00,2023-02-12 12:00:00.000000000
TRK0166,1002.0,1000.0,1000.0,0.0,0.7747384132769966,100,2023-02-12 18:00:00,2023-02-12 16:00:00.000000000
TRK0167,1006.0,1004.0,1004.0,0.0,0.7780648579700143,100,2023-02-12 22:00:00,2023-02-12 20:00:00.000000000
TRK0168,1018.0,1016.0,1016.0,0.0,0.5479206678106046,100,2023-02-13 10:00:00,2023-02-13 08:00:00.000000000
TRK0169,1022.0,1020.0,1019.9196896349935,-0.08031036500657722,0.6175184283734464,100,2023-02-13 14:00:00,2023-02-13 11:55:10.882685974
TRK0170,1026.0,1024.0,1024.0,0.0,0.6505263882185113,100,2023-02-13 18:00:00,2023-02-13 16:00:00.000000000
TRK0171,1030.0,1028.0,1028.0,0.0,0.7854607452101554,100,2023-02-13 22:00:00,2023-02-13 20:00:00.000000000
TRK0172,1042.0,1040.0,1040.5464431235173,0.5464431235172084,0.9777379824078509,100,2023-02-14 10:00:00,2023-02-14 08:32:47.195244661
TRK0173,1046.0,1044.0,1044.4259716903116,0.42597169031168475,0.6572200234973302,100,2023-02-14 14:00:00,2023-02-14 12:25:33.498085123
TRK0174,1050.0,1048.0,1048.0,0.0,0.8789565937618619,100,2023-02-14 18:00:00,2023-02-14 16:00:00.000000000
TRK0175,1054.0,1052.0,1052.0,0.0,0.8755907221553287,100,2023-02-14 22:00:00,2023-02-14 20:00:00.000000000
TRK0176,1066.0,1064.0,1064.0,0.0,0.7732360561449327,100,2023-02-15 10:00:00,2023-02-15 08:00:00.000000000
TRK0177,1070.0,1068.0,1067.3946970098048,-0.6053029901953274,0.7074672847573077,100,2023-02-15 14:00:00,2023-02-15 11:23:40.909235298
TRK0178,1074.0,1072.0,1072.1342623988176,0.1342623988175075,0.786062138906916,100,2023-02-15 18:00:00,2023-02-15 16:08:03.344635744
TRK0179,1078.0,1076.0,1076.8731559772343,0.8731559772344063,0.5724451572660146,100,2023-02-15 22:00:00,2023-02-15 20:52:23.361518042
TRK0180,1090.0,1088.0,1088.0,0.0,0.6194593237416166,100,2023-02-16 10:00:00,2023-02-16 08:00:00.000000000
TRK0181,1094.0,1092.0,1092.2681675652805,0.26816756528040114,0.5782597369027829,100,2023-02-16 14:00:00,2023-02-16 12:16:05.403235008
TRK0182,1098.0,1096.0,1095.8898515676194,-0.11014843238060848,0.7554260502025005,100,2023-02-16 18:00:00,2023-02-16 15:53:23.465643428
TRK0183,1102.0,1100.0,1100.0,0.0,0.5697958726036012,100,2023-02-16 22:00:00,2023-02-16 20:00:00.000000000
TRK0184,1114.0,1112.0,1112.2125604532382,0.21256045323825784,0.4752089575141236,100,2023-02-17 10:00:00,2023-02-17 08:12:45.217631656
TRK0185,1118.0,1116.0,1117.0442103809892,1.0442103809892598,0.7306034850460836,100,2023-02-17 14:00:00,2023-02-17 13:02:39.157371560
TRK0186,1122.0,1120.0,1120.9161479796828,0.9161479796828381,0.5488522206286506,100,2023-02-17 18:00:00,2023-02-17 16:54:58.132726858
TRK0187,1126.0,1124.0,1123.0184557031164,-0.9815442968836398,0.8467819143509192,100,2023-02-17 22:00:00,2023-02-17 19:01:06.440531217
TRK0188,1138.0,1136.0,1136.0,0.0,0.614040680500542,100,2023-02-18 10:00:00,2023-02-18 08:00:00.000000000
TRK0189,1142.0,1140.0,1140.0,0.0,1.0867208046364691,100,2023-02-18 14:00:00,2023-02-18 12:00:00.000000000
TRK0190,1146.0,1144.0,1144.0,0.0,0.9505305756844038,100,2023-02-18 18:00:00,2023-02-18 16:00:00.000000000
TRK0191,1150.0,1148.0,1147.9448276162848,-0.05517238371515773,0.3955963390148409,100,2023-02-18 22:00:00,2023-02-18 19:56:41.379418626
TRK0192,1162.0,1160.0,1160.0,0.0,0.7723950046742427,100,2023-02-19 10:00:00,2023-02-19 08:00:00.000000000
TRK0193,1166.0,1164.0,1164.0,0.0,0.8841945294182604,100,2023-02-19 14:00:00,2023-02-19 12:00:00.000000000
TRK0194,1170.0,1168.0,1169.1777242801538,1.177724280153916,0.672932034367476,100,2023-02-19 18:00:00,2023-02-19 17:10:39.807408554
TRK0195,1174.0,1172.0,1172.9977451174827,0.9977451174827271,0.59875978715676,100,2023-02-19 22:00:00,2023-02-19 20:59:51.882422938
TRK0196,1186.0,1184.0,1184.0,0.0,0.7669482997881472,100,2023-02-20 10:00:00,2023-02-20 08:00:00.000000000
TRK0197,1190.0,1188.0,1188.0,0.0,0.7842968305840015,100,2023-02-20 14:00:00,2023-02-20 12:00:00.000000000
TRK0198,1194.0,1192.0,1192.0,0.0,0.8881145075368155,100,2023-02-20 18:00:00,2023-02-20 16:00:00.000000000
TRK0199,1198.0,1196.0,1195.5542956879642,-0.4457043120358978,0.9243104489146042,100,2023-02-20 22:00:00,2023-02-20 19:33:15.464476670
TRK0200,1210.0,1208.0,1208.2521950018709,0.2521950018709054,0.7421301457064414,100,2023-02-21 10:00:00,2023-02-21 08:15:07.902006735
TRK0201,1214.0,1212.0,1212.0,0.0,1.0398830196693638,100,2023-02-21 14:00:00,2023-02-21 12:00:00.000000000
TRK0202,1218.0,1216.0,1216.0,0.0,0.7035121737912174,100,2023-02-21 18:00:00,2023-02-21 16:00:00.000000000
TRK0203,1222.0,1220.0,1220.0,0.0,0.6170117047427508,100,2023-02-21 22:00:00,2023-02-21 20:00:00.000000000
TRK0204,1234.0,1232.0,1231.5444752722458,-0.4555247277542349,0.7305820811918549,100,2023-02-22 10:00:00,2023-02-22 07:32:40.110980085
TRK0205,1238.0,1236.0,1236.0,0.0,0.9246823721126052,100,2023-02-22 14:00:00,2023-02-22 12:00:00.000000000
TRK0206,1242.0,1240.0,1240.0,0.0,0.5143393729356878,100,2023-02-22 18:00:00,2023-02-22 16:00:00.000000000
TRK0207,1246.0,1244.0,1244.0,0.0,1.1250073993120027,100,2023-02-22 22:00:00,2023-02-22 20:00:00.000000000
TRK0208,1258.0,1256.0,1256.4102439164328,0.4102439164327461,0.8679580678323542,100,2023-02-23 10:00:00,2023-02-23 08:24:36.878099158
TRK0209,1262.0,1260.0,1260.0,0.0,0.7712255254465352,100,2023-02-23 14:00:00,2023-02-23 12:00:00.000000000
TRK0210,1266.0,1264.0,1264.7436418456025,0.7436418456025772,1.0396129115154469,100,2023-02-23 18:00:00,2023-02-23 16:44:37.110644167
TRK0211,1270.0,1268.0,1268.0,0.0,0.78969299506944,100,2023-02-23 22:00:00,2023-02-23 20:00:00.000000000
TRK0212,1282.0,1280.0,1280.0,0.0,0.8977659016092722,100,2023-02-24 10:00:00,2023-02-24 08:00:00.000000000
TRK0213,1286.0,1284.0,1284.0,0.0,0.7485544036918128,100,2023-02-24 14:00:00,2023-02-24 12:00:00.000000000
TRK0214,1290.0,1288.0,1288.0,0.0,0.492391763062833,100,2023-02-24 18:00:00,2023-02-24 16:00:00.000000000
TRK0215,1294.0,1292.0,1292.0,0.0,1.0740537892777522,100,2023-02-24 22:00:00,2023-02-24 20:00:00.000000000
TRK0216,1306.0,1304.0,1303.6347767669993,-0.36522323300084086,0.5285770458161353,100,2023-02-25 10:00:00,2023-02-25 07:38:05.196361196
TRK0217,1310.0,1308.0,1309.9768555558744,1.9768555558743917,0.9978384194578169,100,2023-02-25 14:00:00,2023-02-25 13:58:36.680001146
TRK0218,1314.0,1312.0,1312.0,0.0,0.8917348967062577,100,2023-02-25 18:00:00,2023-02-25 16:00:00.000000000
TRK0219,1318.0,1316.0,1316.0885996371685,0.08859963716843526,0.7889504423956676,100,2023-02-25 22:00:00,2023-02-25 20:05:18.958693804
TRK0220,1330.0,1328.0,1328.3614544463946,0.3614544463946116,0.6560351532530937,100,2023-02-26 10:00:00,2023-02-26 08:21:41.236007022
TRK0221,1334.0,1332.0,1332.1444762110154,0.14447621101553562,0.8509158114709956,100,2023-02-26 14:00:00,2023-02-26 12:08:40.114359654
TRK0222,1338.0,1336.0,1336.0,0.0,0.4669706147759364,100,2023-02-26 18:00:00,2023-02-26 16:00:00.000000000
TRK0223,1342.0,1340.0,1340.2113909028938,0.21139090289374007,0.9292260442749807,100,2023-02-26 22:00:00,2023-02-26 20:12:41.007250418
TRK0224,1354.0,1352.0,1350.6954732598674,-1.3045267401325997,0.6371562592588861,100,2023-02-27 10:00:00,2023-02-27 06:41:43.703735521
TRK0225,1358.0,1356.0,1356.9158831995271,0.9158831995271316,0.7549590197800211,100,2023-02-27 14:00:00,2023-02-27 12:54:57.179518297
TRK0226,1362.0,1360.0,1359.5880327448788,-0.41196725512124427,0.5895966419903758,100,2023-02-27 18:00:00,2023-02-27 15:35:16.917881564
TRK0227,1366.0,1364.0,1364.0,0.0,0.5875623300642374,100,2023-02-27 22:00:00,2023-02-27 20:00:00.000000000
TRK0228,1378.0,1376.0,1376.0,0.0,0.7941040948229893,100,2023-02-28 10:00:00,2023-02-28 08:00:00.000000000
TRK0229,1382.0,1380.0,1380.0,0.0,1.0350987275070456,100,2023-02-28 14:00:00,2023-02-28 12:00:00.000000000
TRK0230,1386.0,1384.0,1384.0,0.0,0.866626974136076,100,2023-02-28 18:00:00,2023-02-28 16:00:00.000000000
TRK0231,1390.0,1388.0,1388.0,0.0,1.3000562164570653,100,2023-02-28 22:00:00,2023-02-28 20:00:00.000000000
TRK0232,1402.0,1400.0,1399.1842476803126,-0.8157523196872595,0.5652908319074585,100,2023-03-01 10:00:00,2023-03-01 07:11:03.291649126
TRK0233,1406.0,1404.0,1404.0,0.0,0.7984686810122142,100,2023-03-01 14:00:00,2023-03-01 12:00:00.000000000
TRK0234,1410.0,1408.0,1408.0,0.0,0.6514542143039832,100,2023-03-01 18:00:00,2023-03-01 16:00:00.000000000
TRK0235,1414.0,1412.0,1412.0,0.0,1.0293350870335902,100,2023-03-01 22:00:00,2023-03-01 20:00:00.000000000
TRK0236,1426.0,1424.0,1423.3545411569942,-0.645458843005883,0.7696742425933917,100,2023-03-02 10:00:00,2023-03-02 07:21:16.348165178
TRK0237,1430.0,1428.0,1428.0,0.0,0.31829632492698384,100,2023-03-02 14:00:00,2023-03-02 12:00:00.000000000
TRK0238,1434.0,1432.0,1432.0,0.0,0.5480771938532726,100,2023-03-02 18:00:00,2023-03-02 16:00:00.000000000
TRK0239,1438.0,1436.0,1436.0,0.0,1.0140344409966486,100,2023-03-02 22:00:00,2023-03-02 20:00:00.000000000
TRK0240,1450.0,1448.0,1447.7997106430673,-0.2002893569327583,0.8085078999532767,100,2023-03-03 10:00:00,2023-03-03 07:47:58.958315041
TRK0241,1454.0,1452.0,1452.0,0.0,0.5674492126570307,100,2023-03-03 14:00:00,2023-03-03 12:00:00.000000000
TRK0242,1458.0,1456.0,1456.0,0.0,0.9474326510233197,100,2023-03-03 18:00:00,2023-03-03 16:00:00.000000000
TRK0243,1462.0,1460.0,1461.1438394746936,1.1438394746934715,0.7519394265194305,100,2023-03-03 22:00:00,2023-03-03 21:08:37.822108898
TRK0244,1474.0,1472.0,1472.0,0.0,0.5851232074914479,100,2023-03-04 10:00:00,2023-03-04 08:00:00.000000000
TRK0245,1478.0,1476.0,1476.0,0.0,0.7083371769666972,100,2023-03-04 14:00:00,2023-03-04 12:00:00.000000000
TRK0246,1482.0,1480.0,1480.5496484543994,0.5496484543995104,0.7316348444710034,100,2023-03-04 18:00:00,2023-03-04 16:32:58.734435836
TRK0247,1486.0,1484.0,1484.0,0.0,0.8993408779690164,100,2023-03-04 22:00:00,2023-03-04 20:00:00.000000000
TRK0248,1498.0,1496.0,1496.0,0.0,0.7406627418267097,100,2023-03-05 10:00:00,2023-03-05 08:00:00.000000000
TRK0249,1502.0,1500.0,1500.0,0.0,0.49980797601663085,100,2023-03-05 14:00:00,2023-03-05 12:00:00.000000000
TRK0250,1506.0,1504.0,1504.0,0.0,0.7464324956443285,100,2023-03-05 18:00:00,2023-03-05 16:00:00.000000000
TRK0251,1510.0,1508.0,1509.684605911372,1.6846059113720908,0.6176681625610372,100,2023-03-05 22:00:00,2023-03-05 21:41:04.581280939
TRK0252,1522.0,1520.0,1520.0,0.0,0.7827838720973372,100,2023-03-06 10:00:00,2023-03-06 08:00:00.000000000
TRK0253,1526.0,1524.0,1524.0,0.0,0.7714596272318703,100,2023-03-06 14:00:00,2023-03-06 12:00:00.000000000
TRK0254,1530.0,1528.0,1528.0,0.0,0.7813852453318252,100,2023-03-06 18:00:00,2023-03-06 16:00:00.000000000
TRK0255,1534.0,1532.0,1532.41025660861,0.4102566086100696,0.745192898855415,100,2023-03-06 22:00:00,2023-03-06 20:24:36.923790996
TRK0256,1546.0,1544.0,1544.0,0.0,0.8100097620000151,100,2023-03-07 10:00:00,2023-03-07 08:00:00.000000000
TRK0257,1550.0,1548.0,1548.0,0.0,0.6661774211951609,100,2023-03-07 14:00:00,2023-03-07 12:00:00.000000000
TRK0258,1554.0,1552.0,1553.3500831174792,1.350083117479258,0.6445970634279089,100,2023-03-07 18:00:00,2023-03-07 17:21:00.299222924
TRK0259,1558.0,1556.0,1556.0,0.0,0.857775430474109,100,2023-03-07 22:00:00,2023-03-07 20:00:00.000000000
TRK0260,1570.0,1568.0,1568.0,0.0,0.9552524631371591,100,2023-03-08 10:00:00,2023-03-08 08:00:00.000000000
TRK0261,1574.0,1572.0,1572.0,0.0,0.8233455780196997,100,2023-03-08 14:00:00,2023-03-08 12:00:00.000000000
TRK0262,1578.0,1576.0,1575.5519995940042,-0.4480004059957592,0.8889327953847251,100,2023-03-08 18:00:00,2023-03-08 15:33:07.198538414
TRK0263,1582.0,1580.0,1580.4514408934956,0.4514408934955123,0.9154627930761075,100,2023-03-08 22:00:00,2023-03-08 20:27:05.187216585
TRK0264,1594.0,1592.0,1592.0,0.0,0.6124001556072953,100,2023-03-09 10:00:00,2023-03-09 08:00:00.000000000
TRK0265,1598.0,1596.0,1595.5089942919262,-0.49100570807375166,0.9712943159765655,100,2023-03-09 14:00:00,2023-03-09 11:30:32.379450933
TRK0266,1602.0,1600.0,1600.0,0.0,0.4461110481133538,100,2023-03-09 18:00:00,2023-03-09 16:00:00.000000000
TRK0267,1606.0,1604.0,1606.1841237143997,2.1841237143996834,0.8563062749005412,100,2023-03-09 22:00:00,2023-03-09 22:11:02.845371840
TRK0268,1618.0,1616.0,1616.524931091482,0.5249310914819275,0.7691888892700788,100,2023-03-10 10:00:00,2023-03-10 08:31:29.751929335
TRK0269,1622.0,1620.0,1619.8479239382245,-0.1520760617754439,0.7224919780381289,100,2023-03-10 14:00:00,2023-03-10 11:50:52.526177610
TRK0270,1626.0,1624.0,1624.5945540267744,0.594554026774381,0.9184098396905149,100,2023-03-10 18:00:00,2023-03-10 16:35:40.394496386
TRK0271,1630.0,1628.0,1628.0,0.0,0.925749164155198,100,2023-03-10 22:00:00,2023-03-10 20:00:00.000000000
TRK0272,1642.0,1640.0,1640.0,0.0,0.5021220407527184,100,2023-03-11 10:00:00,2023-03-11 08:00:00.000000000
TRK0273,1646.0,1644.0,1644.632275296778,0.6322752967780312,0.5554996354410286,100,2023-03-11 14:00:00,2023-03-11 12:37:56.191068400
TRK0274,1650.0,1648.0,1648.0,0.0,0.2982547291092742,100,2023-03-11 18:00:00,2023-03-11 16:00:00.000000000
TRK0275,1654.0,1652.0,1652.0,0.0,0.8294789265365887,100,2023-03-11 22:00:00,2023-03-11 20:00:00.000000000
TRK0276,1666.0,1664.0,1665.0997135964324,1.0997135964323372,0.8729249231241772,100,2023-03-12 10:00:00,2023-03-12 09:05:58.968947155
TRK0277,1670.0,1668.0,1667.839136679807,-0.16086332019295638,0.8171611845069241,100,2023-03-12 14:00:00,2023-03-12 11:50:20.892047305
TRK0278,1674.0,1672.0,1671.8672870713,-0.13271292869989482,0.4558732153221052,100,2023-03-12 18:00:00,2023-03-12 15:52:02.233456680
TRK0279,1678.0,1676.0,1676.0,0.0,0.6826559374882324,100,2023-03-12 22:00:00,2023-03-12 20:00:00.000000000
TRK0280,1690.0,1688.0,1688.0,0.0,0.7003025490968691,100,2023-03-13 10:00:00,2023-03-13 08:00:00.000000000
TRK0281,1694.0,1692.0,1692.4401675559836,0.4401675559836223,0.7372112757803038,100,2023-03-13 14:00:00,2023-03-13 12:26:24.603201542
TRK0282,1698.0,1696.0,1696.0,0.0,0.9138047927606303,100,2023-03-13 18:00:00,2023-03-13 16:00:00.000000000
TRK0283,1702.0,1700.0,1700.347777778417,0.3477777784168338,0.757038860963353,100,2023-03-13 22:00:00,2023-03-13 20:20:52.000002301
TRK0284,1714.0,1712.0,1712.0,0.0,0.6941788931658279,100,2023-03-14 10:00:00,2023-03-14 08:00:00.000000000
TRK0285,1718.0,1716.0,1716.0,0.0,0.959561964582812,100,2023-03-14 14:00:00,2023-03-14 12:00:00.000000000
TRK0286,1722.0,1720.0,1720.5635794865243,0.5635794865241947,0.6615623730650676,100,2023-03-14 18:00:00,2023-03-14 16:33:48.886151486
TRK0287,1726.0,1724.0,1724.0,0.0,0.9208356020376927,100,2023-03-14 22:00:00,2023-03-14 20:00:00.000000000
TRK0288,1738.0,1736.0,1735.691947881719,-0.3080521182809508,0.6067898516100898,100,2023-03-15 10:00:00,2023-03-15 07:41:31.012374188
TRK0289,1742.0,1740.0,1739.0905759872526,-0.9094240127473345,0.8307304725173236,100,2023-03-15 14:00:00,2023-03-15 11:05:26.073554110
TRK0290,1746.0,1744.0,1744.0,0.0,0.8823871466504716,100,2023-03-15 18:00:00,2023-03-15 16:00:00.000000000
TRK0291,1750.0,1748.0,1748.0,0.0,0.9034185007919138,100,2023-03-15 22:00:00,2023-03-15 20:00:00.000000000
TRK0292,1762.0,1760.0,1760.0,0.0,0.8479417134636825,100,2023-03-16 10:00:00,2023-03-16 08:00:00.000000000
TRK0293,1766.0,1764.0,1764.2119677990788,0.2119677990789287,0.40148871490941873,100,2023-03-16 14:00:00,2023-03-16 12:12:43.084076684
TRK0294,1770.0,1768.0,1768.2098798205382,0.20987982053812992,0.8731726045387256,100,2023-03-16 18:00:00,2023-03-16 16:12:35.567353936
TRK0295,1774.0,1772.0,1772.0,0.0,0.559244694004824,100,2023-03-16 22:00:00,2023-03-16 20:00:00.000000000
TRK0296,1786.0,1784.0,1784.0,0.0,0.9796797539875817,100,2023-03-17 10:00:00,2023-03-17 08:00:00.000000000
TRK0297,1790.0,1788.0,1788.707255084475,0.7072550844749429,0.9028563251782246,100,2023-03-17 14:00:00,2023-03-17 12:42:26.118304110
TRK0298,1794.0,1792.0,1792.0,0.0,0.9528191830553985,100,2023-03-17 18:00:00,2023-03-17 16:00:00.000000000
TRK0299,1798.0,1796.0,1796.0,0.0,0.5906014530312955,100,2023-03-17 22:00:00,2023-03-17 20:00:00.000000000
TRK0300,1810.0,1808.0,1808.8037072886218,0.8037072886218105,0.8344153033781923,100,2023-03-18 10:00:00,2023-03-18 08:48:13.346239039
TRK0301,1814.0,1812.0,1813.7457312268775,1.7457312268774432,0.7234185115876526,100,2023-03-18 14:00:00,2023-03-18 13:44:44.632416760
TRK0302,1818.0,1816.0,1817.1004500607435,1.1004500607435517,0.9848644664401421,100,2023-03-18 18:00:00,2023-03-18 17:06:01.620218674
TRK0303,1822.0,1820.0,1819.953737841735,-0.046262158265202975,0.827641426196546,100,2023-03-18 22:00:00,2023-03-18 19:57:13.456230246
TRK0304,1834.0,1832.0,1832.0,0.0,0.8622995397019942,100,2023-03-19 10:00:00,2023-03-19 08:00:00.000000000
TRK0305,1838.0,1836.0,1836.0,0.0,0.686157100222581,100,2023-03-19 14:00:00,2023-03-19 12:00:00.000000000
TRK0306,1842.0,1840.0,1841.0166393205936,1.0166393205936435,0.711026589526186,100,2023-03-19 18:00:00,2023-03-19 17:00:59.901554138
TRK0307,1846.0,1844.0,1844.2219823928212,0.22198239282131144,0.6458729237694021,100,2023-03-19 22:00:00,2023-03-19 20:13:19.136614155
TRK0308,1858.0,1856.0,1856.0,0.0,0.5153856590405779,100,2023-03-20 10:00:00,2023-03-20 08:00:00.000000000
TRK0309,1862.0,1860.0,1860.384428824672,0.38442882467202166,0.7063281882913238,100,2023-03-20 14:00:00,2023-03-20 12:23:03.943768819
TRK0310,1866.0,1864.0,1863.9751942535938,-0.024805746406277085,0.750670426497733,100,2023-03-20 18:00:00,2023-03-20 15:58:30.699312938
TRK0311,1870.0,1868.0,1868.0,0.0,0.37074026491146617,100,2023-03-20 22:00:00,2023-03-20 20:00:00.000000000
TRK0312,1882.0,1880.0,1880.0,0.0,0.8628653735078673,100,2023-03-21 10:00:00,2023-03-21 08:00:00.000000000
TRK0313,1886.0,1884.0,1884.0,0.0,0.3487241982932098,100,2023-03-21 14:00:00,2023-03-21 12:00:00.000000000
TRK0314,1890.0,1888.0,1887.5419167257428,-0.4580832742571228,0.653760304908371,100,2023-03-21 18:00:00,2023-03-21 15:32:30.900212674
TRK0315,1894.0,1892.0,1892.4173675734569,0.41736757345692216,0.7043737947412524,100,2023-03-21 22:00:00,2023-03-21 20:25:02.523264445
TRK0316,1906.0,1904.0,1905.4959690619937,1.49596906199371,1.064067798074407,100,2023-03-22 10:00:00,2023-03-22 09:29:45.488623178
TRK0317,1910.0,1908.0,1908.7997395390435,0.7997395390433474,0.48964439245092983,100,2023-03-22 14:00:00,2023-03-22 12:47:59.062340554
TRK0318,1914.0,1912.0,1912.0,0.0,0.5142966356016319,100,2023-03-22 18:00:00,2023-03-22 16:00:00.000000000
TRK0319,1918.0,1916.0,1916.6646831469877,0.6646831469878213,0.6317743859663333,100,2023-03-22 22:00:00,2023-03-22 20:39:52.859329156
TRK0320,1930.0,1928.0,1928.0,0.0,0.8708079762203167,100,2023-03-23 10:00:00,2023-03-23 08:00:00.000000000
TRK0321,1934.0,1932.0,1932.8783712429577,0.8783712429575519,0.8507700493653327,100,2023-03-23 14:00:00,2023-03-23 12:52:42.136474648
TRK0322,1938.0,1936.0,1935.454207052643,-0.5457929473569972,0.7898572615357184,100,2023-03-23 18:00:00,2023-03-23 15:27:15.145389514
TRK0323,1942.0,1940.0,1940.3230556386538,0.3230556386537926,0.6209104150741059,100,2023-03-23 22:00:00,2023-03-23 20:19:23.000299154
TRK0324,1954.0,1952.0,1952.0,0.0,0.6014032746454627,100,2023-03-24 10:00:00,2023-03-24 08:00:00.000000000
TRK0325,1958.0,1956.0,1955.7088748654128,-0.2911251345872922,1.076393292602753,100,2023-03-24 14:00:00,2023-03-24 11:42:31.949515486
TRK0326,1962.0,1960.0,1960.0,0.0,1.2340155695081956,100,2023-03-24 18:00:00,2023-03-24 16:00:00.000000000
TRK0327,1966.0,1964.0,1964.6938332597617,0.6938332597617463,0.6587661697929105,100,2023-03-24 22:00:00,2023-03-24 20:41:37.799735143
TRK0328,1978.0,1976.0,1976.0,0.0,0.7583080254859604,100,2023-03-25 10:00:00,2023-03-25 08:00:00.000000000
TRK0329,1982.0,1980.0,1980.0,0.0,0.8131812846648165,100,2023-03-25 14:00:00,2023-03-25 12:00:00.000000000
TRK0330,1986.0,1984.0,1983.9744206708094,-0.02557932919059911,0.4892751745371369,100,2023-03-25 18:00:00,2023-03-25 15:58:27.914414912
TRK0331,1990.0,1988.0,1988.0,0.0,0.4316728011661281,100,2023-03-25 22:00:00,2023-03-25 20:00:00.000000000
TRK0332,2002.0,2000.0,2000.0,0.0,0.9711166353470646,100,2023-03-26 10:00:00,2023-03-26 08:00:00.000000000
TRK0333,2006.0,2004.0,2004.0,0.0,0.8510347957497217,100,2023-03-26 14:00:00,2023-03-26 12:00:00.000000000
TRK0334,2010.0,2008.0,2008.0,0.0,0.4600953439521501,100,2023-03-26 18:00:00,2023-03-26 16:00:00.000000000
TRK0335,2014.0,2012.0,2012.0,0.0,0.7550669367660103,100,2023-03-26 22:00:00,2023-03-26 20:00:00.000000000
TRK0336,2026.0,2024.0,2024.0,0.0,0.7140263526497447,100,2023-03-27 10:00:00,2023-03-27 08:00:00.000000000
TRK0337,2030.0,2028.0,2029.30403086694,1.3040308669398666,0.8421249269889741,100,2023-03-27 14:00:00,2023-03-27 13:18:14.511120983
TRK0338,2034.0,2032.0,2032.0,0.0,0.30138874955773376,100,2023-03-27 18:00:00,2023-03-27 16:00:00.000000000
TRK0339,2038.0,2036.0,2036.427963505901,0.42796350590109683,0.4793848464884125,100,2023-03-27 22:00:00,2023-03-27 20:25:40.668621243
TRK0340,2050.0,2048.0,2048.0,0.0,0.4932462260848519,100,2023-03-28 10:00:00,2023-03-28 08:00:00.000000000
TRK0341,2054.0,2052.0,2051.3630195724927,-0.6369804275073481,0.4825587434035561,100,2023-03-28 14:00:00,2023-03-28 11:21:46.870460974
TRK0342,2058.0,2056.0,2056.435060878173,0.4350608781726782,0.31909340529361335,100,2023-03-28 18:00:00,2023-03-28 16:26:06.219161422
TRK0343,2062.0,2060.0,2060.1631642825896,0.16316428258955845,0.6528638797203524,100,2023-03-28 22:00:00,2023-03-28 20:09:47.391417324
TRK0344,2074.0,2072.0,2071.9767201690893,-0.0232798309106363,0.6832661561525033,100,2023-03-29 10:00:00,2023-03-29 07:58:36.192608720
TRK0345,2078.0,2076.0,2075.7089849040926,-0.29101509590714775,0.6929208673169808,100,2023-03-29 14:00:00,2023-03-29 11:42:32.345654734
TRK0346,2082.0,2080.0,2080.0,0.0,0.6524313668077335,100,2023-03-29 18:00:00,2023-03-29 16:00:00.000000000
TRK0347,2086.0,2084.0,2084.0,0.0,0.8158505841267711,100,2023-03-29 22:00:00,2023-03-29 20:00:00.000000000
TRK0348,2098.0,2096.0,2096.4623370440554,0.462337044055243,0.7598598487774478,100,2023-03-30 10:00:00,2023-03-30 08:27:44.413358598
TRK0349,2102.0,2100.0,2099.4448212904263,-0.5551787095737709,0.7991960488952382,100,2023-03-30 14:00:00,2023-03-30 11:26:41.356645533
TRK0350,2106.0,2104.0,2105.009853356642,1.0098533566420957,0.8404864049899237,100,2023-03-30 18:00:00,2023-03-30 17:00:35.472083911
TRK0351,2110.0,2108.0,2108.0,0.0,0.5969383460944078,100,2023-03-30 22:00:00,2023-03-30 20:00:00.000000000
TRK0352,2122.0,2120.0,2118.797922995479,-1.2020770045210463,0.9948761048215946,100,2023-03-31 10:00:00,2023-03-31 06:47:52.522783724
TRK0353,2126.0,2124.0,2124.0,0.0,0.9531180393719612,100,2023-03-31 14:00:00,2023-03-31 12:00:00.000000000
TRK0354,2130.0,2128.0,2128.429532137815,0.4295321378149746,0.8081695387779573,100,2023-03-31 18:00:00,2023-03-31 16:25:46.315696134
TRK0355,2134.0,2132.0,2132.0,0.0,1.1657309515930874,100,2023-03-31 22:00:00,2023-03-31 20:00:00.000000000
TRK0356,2146.0,2144.0,2144.0,0.0,0.8815790095531119,100,2023-04-01 10:00:00,2023-04-01 08:00:00.000000000
TRK0357,2150.0,2148.0,2148.6952719876845,0.6952719876844144,1.0831090134279182,100,2023-04-01 14:00:00,2023-04-01 12:41:42.979155662
TRK0358,2154.0,2152.0,2153.043446977002,1.0434469770019668,0.5695341937041194,100,2023-04-01 18:00:00,2023-04-01 17:02:36.409117207
TRK0359,2158.0,2156.0,2156.0,0.0,1.0043580718824394,100,2023-04-01 22:00:00,2023-04-01 20:00:00.000000000
TRK0360,2170.0,2168.0,2168.0,0.0,0.9270879746929622,100,2023-04-02 10:00:00,2023-04-02 08:00:00.000000000
TRK0361,2174.0,2172.0,2172.0,0.0,0.5187269785626512,100,2023-04-02 14:00:00,2023-04-02 12:00:00.000000000
TRK0362,2178.0,2176.0,2176.0,0.0,0.8977632987879078,100,2023-04-02 18:00:00,2023-04-02 16:00:00.000000000
TRK0363,2182.0,2180.0,2180.0,0.0,0.8230198928743991,100,2023-04-02 22:00:00,2023-04-02 20:00:00.000000000
TRK0364,2194.0,2192.0,2192.0,0.0,0.6832802173679037,100,2023-04-03 10:00:00,2023-04-03 08:00:00.000000000
TRK0365,2198.0,2196.0,2195.72673996172,-0.2732600382802061,0.6645901793669263,100,2023-04-03 14:00:00,2023-04-03 11:43:36.263862192
TRK0366,2202.0,2200.0,2199.765820605794,-0.23417939420606637,0.8080241735009216,100,2023-04-03 18:00:00,2023-04-03 15:45:56.954180858
TRK0367,2206.0,2204.0,2204.206816398344,0.20681639834392157,0.2973066936218085,100,2023-04-03 22:00:00,2023-04-03 20:12:24.539034038
TRK0368,2218.0,2216.0,2216.7874932098616,0.787493209861646,0.6015562689531608,100,2023-04-04 10:00:00,2023-04-04 08:47:14.975555503
TRK0369,2222.0,2220.0,2220.251175687939,0.2511756879387751,0.8981927870553805,100,2023-04-04 14:00:00,2023-04-04 12:15:04.232476580
TRK0370,2226.0,2224.0,2222.8225040052125,-1.1774959947875652,0.6561825077688231,100,2023-04-04 18:00:00,2023-04-04 14:49:21.014418766
TRK0371,2230.0,2228.0,2228.0,0.0,1.0024597689532642,100,2023-04-04 22:00:00,2023-04-04 20:00:00.000000000
TRK0372,2242.0,2240.0,2240.0,0.0,0.5610451671957049,100,2023-04-05 10:00:00,2023-04-05 08:00:00.000000000
TRK0373,2246.0,2244.0,2245.667156760748,1.6671567607483813,0.6569156133914041,100,2023-04-05 14:00:00,2023-04-05 13:40:01.764338692
TRK0374,2250.0,2248.0,2248.0,0.0,0.73564091353022,100,2023-04-05 18:00:00,2023-04-05 16:00:00.000000000
TRK0375,2254.0,2252.0,2254.159537786417,2.1595377864168883,0.9359944018173005,100,2023-04-05 22:00:00,2023-04-05 22:09:34.336031101
TRK0376,2266.0,2264.0,2264.0,0.0,0.7389784241493825,100,2023-04-06 10:00:00,2023-04-06 08:00:00.000000000
TRK0377,2270.0,2268.0,2268.0,0.0,0.7576636635290386,100,2023-04-06 14:00:00,2023-04-06 12:00:00.000000000
TRK0378,2274.0,2272.0,2272.0,0.0,0.6116008717510556,100,2023-04-06 18:00:00,2023-04-06 16:00:00.000000000
TRK0379,2278.0,2276.0,2276.0,0.0,0.8249894981313893,100,2023-04-06 22:00:00,2023-04-06 20:00:00.000000000
TRK0380,2290.0,2288.0,2288.1448973424835,0.1448973424837378,0.7331741882822091,100,2023-04-07 10:00:00,2023-04-07 08:08:41.630432942
TRK0381,2294.0,2292.0,2293.0424480008355,1.0424480008355477,0.45154320640787987,100,2023-04-07 14:00:00,2023-04-07 13:02:32.812803009
TRK0382,2298.0,2296.0,2296.0,0.0,0.6380585168019859,100,2023-04-07 18:00:00,2023-04-07 16:00:00.000000000
TRK0383,2302.0,2300.0,2300.0,0.0,1.03506457884263,100,2023-04-07 22:00:00,2023-04-07 20:00:00.000000000
TRK0384,2314.0,2312.0,2312.8719951269995,0.8719951269996027,1.0029662356967712,100,2023-04-08 10:00:00,2023-04-08 08:52:19.182457200
TRK0385,2318.0,2316.0,2316.0,0.0,0.6292643061628964,100,2023-04-08 14:00:00,2023-04-08 12:00:00.000000000
TRK0386,2322.0,2320.0,2320.5262297922127,0.5262297922129164,0.8008061029869558,100,2023-04-08 18:00:00,2023-04-08 16:31:34.427251966
TRK0387,2326.0,2324.0,2324.773051597448,0.7730515974482032,0.934059751334962,100,2023-04-08 22:00:00,2023-04-08 20:46:22.985750812
TRK0388,2338.0,2336.0,2336.0,0.0,0.6910227935222472,100,2023-04-09 10:00:00,2023-04-09 08:00:00.000000000
TRK0389,2342.0,2340.0,2340.0,0.0,0.6586860350198068,100,2023-04-09 14:00:00,2023-04-09 12:00:00.000000000
TRK0390,2346.0,2344.0,2344.0,0.0,0.8206607577322729,100,2023-04-09 18:00:00,2023-04-09 16:00:00.000000000
TRK0391,2350.0,2348.0,2348.0,0.0,0.552237030343172,100,2023-04-09 22:00:00,2023-04-09 20:00:00.000000000
TRK0392,2362.0,2360.0,2360.0,0.0,0.6533733541207841,100,2023-04-10 10:00:00,2023-04-10 08:00:00.000000000
TRK0393,2366.0,2364.0,2363.9945429940485,-0.0054570059516759264,0.5832578190677999,100,2023-04-10 14:00:00,2023-04-10 11:59:40.354778576
TRK0394,2370.0,2368.0,2368.044428646879,0.044428646879190854,0.996545383556843,100,2023-04-10 18:00:00,2023-04-10 16:02:39.943128764
TRK0395,2374.0,2372.0,2372.2120063099287,0.21200630992873756,0.6418502706132115,100,2023-04-10 22:00:00,2023-04-10 20:12:43.222715744
TRK0396,2386.0,2384.0,2383.7356040095297,-0.2643959904701753,0.6630197681928961,100,2023-04-11 10:00:00,2023-04-11 07:44:08.174434308
TRK0397,2390.0,2388.0,2388.355018037337,0.35501803733661197,0.2833884396366693,100,2023-04-11 14:00:00,2023-04-11 12:21:18.064934413
TRK0398,2394.0,2392.0,2392.312342753891,0.3123427538907192,0.7745232522277709,100,2023-04-11 18:00:00,2023-04-11 16:18:44.433914007
TRK0399,2398.0,2396.0,2396.0,0.0,0.3819896869743715,100,2023-04-11 22:00:00,2023-04-11 20:00:00.000000000
TRK0400,2410.0,2408.0,2408.0,0.0,0.5265752050881167,100,2023-04-12 10:00:00,2023-04-12 08:00:00.000000000
TRK0401,2414.0,2412.0,2412.9074137962707,0.9074137962708139,0.7675547404396912,100,2023-04-12 14:00:00,2023-04-12 12:54:26.689666575
TRK0402,2418.0,2416.0,2416.407373067132,0.40737306713203225,1.0147702198439386,100,2023-04-12 18:00:00,2023-04-12 16:24:26.543041675
TRK0403,2422.0,2420.0,2420.456165409199,0.4561654091990279,0.8438306352917423,100,2023-04-12 22:00:00,2023-04-12 20:27:22.195473116
TRK0404,2434.0,2432.0,2432.0,0.0,0.6716465799730714,100,2023-04-13 10:00:00,2023-04-13 08:00:00.000000000
TRK0405,2438.0,2436.0,2437.28215734424,1.2821573442401755,0.4686097640384527,100,2023-04-13 14:00:00,2023-04-13 13:16:55.766439264
TRK0406,2442.0,2440.0,2440.0,0.0,0.7225633866321919,100,2023-04-13 18:00:00,2023-04-13 16:00:00.000000000
TRK0407,2446.0,2444.0,2444.0,0.0,0.9032025439874094,100,2023-04-13 22:00:00,2023-04-13 20:00:00.000000000
TRK0408,2458.0,2456.0,2456.0,0.0,0.7594274512201683,100,2023-04-14 10:00:00,2023-04-14 08:00:00.000000000
TRK0409,2462.0,2460.0,2460.0,0.0,1.3312468073965402,100,2023-04-14 14:00:00,2023-04-14 12:00:00.000000000
TRK0410,2466.0,2464.0,2464.0,0.0,0.7423010164241594,100,2023-04-14 18:00:00,2023-04-14 16:00:00.000000000
TRK0411,2470.0,2468.0,2468.8832083899706,0.8832083899704347,0.6441322723140737,100,2023-04-14 22:00:00,2023-04-14 20:52:59.550203895
TRK0412,2482.0,2480.0,2480.0,0.0,0.8049450701983789,100,2023-04-15 10:00:00,2023-04-15 08:00:00.000000000
TRK0413,2486.0,2484.0,2484.0,0.0,0.7192348039337543,100,2023-04-15 14:00:00,2023-04-15 12:00:00.000000000
TRK0414,2490.0,2488.0,2488.0,0.0,1.1573599749852095,100,2023-04-15 18:00:00,2023-04-15 16:00:00.000000000
TRK0415,2494.0,2492.0,2492.0,0.0,0.44271763809193715,100,2023-04-15 22:00:00,2023-04-15 20:00:00.000000000
TRK0416,2506.0,2504.0,2504.0,0.0,0.4099805922379723,100,2023-04-16 10:00:00,2023-04-16 08:00:00.000000000
TRK0417,2510.0,2508.0,2508.0,0.0,0.6750849325058347,100,2023-04-16 14:00:00,2023-04-16 12:00:00.000000000
TRK0418,2514.0,2512.0,2512.6838516035186,0.6838516035184968,0.8488455933510435,100,2023-04-16 18:00:00,2023-04-16 16:41:01.865772668
TRK0419,2518.0,2516.0,2516.181245383388,0.18124538338822377,0.7351670704521711,100,2023-04-16 22:00:00,2023-04-16 20:10:52.483380196
TRK0420,2530.0,2528.0,2527.5247136985554,-0.47528630144455236,0.776372760202692,100,2023-04-17 10:00:00,2023-04-17 07:31:28.969314798
TRK0421,2534.0,2532.0,2532.3669590986715,0.3669590986715368,0.7327053560215032,100,2023-04-17 14:00:00,2023-04-17 12:22:01.052755215
TRK0422,2538.0,2536.0,2536.895787366363,0.8957873663631598,0.7319871177721711,100,2023-04-17 18:00:00,2023-04-17 16:53:44.834518906
TRK0423,2542.0,2540.0,2540.0,0.0,1.0877663810640446,100,2023-04-17 22:00:00,2023-04-17 20:00:00.000000000
TRK0424,2554.0,2552.0,2552.231927113752,0.23192711375198696,0.5459351410115313,100,2023-04-18 10:00:00,2023-04-18 08:13:54.937609507
TRK0425,2558.0,2556.0,2555.375621131179,-0.6243788688212459,0.9619599497547463,100,2023-04-18 14:00:00,2023-04-18 11:22:32.236072244
TRK0426,2562.0,2560.0,2560.0,0.0,1.176427085123214,100,2023-04-18 18:00:00,2023-04-18 16:00:00.000000000
TRK0427,2566.0,2564.0,2564.5044439829735,0.5044439829734526,0.7720634193764848,100,2023-04-18 22:00:00,2023-04-18 20:30:15.998338702
TRK0428,2578.0,2576.0,2576.0,0.0,1.079430449993458,100,2023-04-19 10:00:00,2023-04-19 08:00:00.000000000
TRK0429,2582.0,2580.0,2580.357174091406,0.3571740914057527,0.6752419110236539,100,2023-04-19 14:00:00,2023-04-19 12:21:25.826729061
TRK0430,2586.0,2584.0,2584.0,0.0,0.779642120428502,100,2023-04-19 18:00:00,2023-04-19 16:00:00.000000000
TRK0431,2590.0,2588.0,2589.3520095140007,1.3520095140008412,0.8389942426980673,100,2023-04-19 22:00:00,2023-04-19 21:21:07.234250403
TRK0432,2602.0,2600.0,2601.8560936637177,1.8560936637179515,0.8771010789358092,100,2023-04-20 10:00:00,2023-04-20 09:51:21.937189384
TRK0433,2606.0,2604.0,2604.0,0.0,0.9262644744807267,100,2023-04-20 14:00:00,2023-04-20 12:00:00.000000000
TRK0434,2610.0,2608.0,2607.651090041212,-0.3489099587881403,0.7558024230533876,100,2023-04-20 18:00:00,2023-04-20 15:39:03.924148363
TRK0435,2614.0,2612.0,2612.0,0.0,0.767076319383744,100,2023-04-20 22:00:00,2023-04-20 20:00:00.000000000
TRK0436,2626.0,2624.0,2624.0,0.0,0.8200780398160303,100,2023-04-21 10:00:00,2023-04-21 08:00:00.000000000
TRK0437,2630.0,2628.0,2629.5437905524855,1.5437905524855589,0.7376450072292239,100,2023-04-21 14:00:00,2023-04-21 13:32:37.645988946
TRK0438,2634.0,2632.0,2632.424268765734,0.42426876573397165,0.4096276688860769,100,2023-04-21 18:00:00,2023-04-21 16:25:27.367556642
TRK0439,2638.0,2636.0,2636.0,0.0,0.5723376017542411,100,2023-04-21 22:00:00,2023-04-21 20:00:00.000000000
TRK0440,2650.0,2648.0,2648.0,0.0,0.521960424322881,100,2023-04-22 10:00:00,2023-04-22 08:00:00.000000000
TRK0441,2654.0,2652.0,2652.0,0.0,0.8118179290719981,100,2023-04-22 14:00:00,2023-04-22 12:00:00.000000000
TRK0442,2658.0,2656.0,2657.7159580567577,1.7159580567578159,0.7429575705491567,100,2023-04-22 18:00:00,2023-04-22 17:42:57.449004328
TRK0443,2662.0,2660.0,2660.3308361057384,0.3308361057385653,0.8928020496456047,100,2023-04-22 22:00:00,2023-04-22 20:19:51.009980656
TRK0444,2674.0,2672.0,2674.854424720491,2.85442472049098,0.5049710121777504,100,2023-04-23 10:00:00,2023-04-23 10:51:15.928993767
TRK0445,2678.0,2676.0,2676.365909283107,0.3659092831073271,0.8034164652936336,100,2023-04-23 14:00:00,2023-04-23 12:21:57.273419185
TRK0446,2682.0,2680.0,2680.0,0.0,0.7671901878448211,100,2023-04-23 18:00:00,2023-04-23 16:00:00.000000000
TRK0447,2686.0,2684.0,2684.3167253121055,0.31672531210539107,0.8423153102286599,100,2023-04-23 22:00:00,2023-04-23 20:19:00.211123581
TRK0448,2698.0,2696.0,2696.5627686565304,0.5627686565304777,0.825810292529837,100,2023-04-24 10:00:00,2023-04-24 08:33:45.967163508
TRK0449,2702.0,2700.0,2700.2072461739353,0.20724617393528288,0.5197641388894685,100,2023-04-24 14:00:00,2023-04-24 12:12:26.086226166
TRK0450,2706.0,2704.0,2704.3477711627547,0.34777116275452563,0.7533355133539684,100,2023-04-24 18:00:00,2023-04-24 16:20:51.976185918
TRK0451,2710.0,2708.0,2708.0,0.0,1.1674244662244733,100,2023-04-24 22:00:00,2023-04-24 20:00:00.000000000
TRK0452,2722.0,2720.0,2720.0,0.0,0.6047156327990033,100,2023-04-25 10:00:00,2023-04-25 08:00:00.000000000
TRK0453,2726.0,2724.0,2723.986288163401,-0.013711836599264947,0.5297349970328464,100,2023-04-25 14:00:00,2023-04-25 11:59:10.637388243
TRK0454,2730.0,2728.0,2728.0,0.0,0.7898489288605969,100,2023-04-25 18:00:00,2023-04-25 16:00:00.000000000
TRK0455,2734.0,2732.0,2732.0823315025896,0.08233150258934867,0.40482863474038,100,2023-04-25 22:00:00,2023-04-25 20:04:56.393409324
TRK0456,2746.0,2744.0,2744.0,0.0,0.41208786754588766,100,2023-04-26 10:00:00,2023-04-26 08:00:00.000000000
TRK0457,2750.0,2748.0,2748.5992806609756,0.5992806609756052,0.6658610961976366,100,2023-04-26 14:00:00,2023-04-26 12:35:57.410379513
TRK0458,2754.0,2752.0,2752.0,0.0,0.7320501586149043,100,2023-04-26 18:00:00,2023-04-26 16:00:00.000000000
TRK0459,2758.0,2756.0,2756.0,0.0,0.5914637954561767,100,2023-04-26 22:00:00,2023-04-26 20:00:00.000000000
TRK0460,2770.0,2768.0,2767.724609249306,-0.2753907506937909,0.930797742730826,100,2023-04-27 10:00:00,2023-04-27 07:43:28.593297501
TRK0461,2774.0,2772.0,2772.564990326751,0.5649903267508058,0.6205716246927766,100,2023-04-27 14:00:00,2023-04-27 12:33:53.965176303
TRK0462,2778.0,2776.0,2776.0,0.0,0.9323477070433972,100,2023-04-27 18:00:00,2023-04-27 16:00:00.000000000
TRK0463,2782.0,2780.0,2780.0,0.0,0.7628858470066986,100,2023-04-27 22:00:00,2023-04-27 20:00:00.000000000
TRK0464,2794.0,2792.0,2792.0,0.0,0.992610267843844,100,2023-04-28 10:00:00,2023-04-28 08:00:00.000000000
TRK0465,2798.0,2796.0,2796.228989185524,0.228989185523791,0.9330923628468772,100,2023-04-28 14:00:00,2023-04-28 12:13:44.361067886
TRK0466,2802.0,2800.0,2800.0,0.0,0.6866850372161326,100,2023-04-28 18:00:00,2023-04-28 16:00:00.000000000
TRK0467,2806.0,2804.0,2804.0,0.0,0.7068268548841388,100,2023-04-28 22:00:00,2023-04-28 20:00:00.000000000
TRK0468,2818.0,2816.0,2816.1220143072155,0.1220143072156971,0.8205062577287296,100,2023-04-29 10:00:00,2023-04-29 08:07:19.251505977
TRK0469,2822.0,2820.0,2820.0,0.0,0.7943143234632698,100,2023-04-29 14:00:00,2023-04-29 12:00:00.000000000
TRK0470,2826.0,2824.0,2825.7569737054027,1.7569737054025767,0.9238292495029841,100,2023-04-29 18:00:00,2023-04-29 17:45:25.105339450
TRK0471,2830.0,2828.0,2828.0,0.0,0.7264723807259955,100,2023-04-29 22:00:00,2023-04-29 20:00:00.000000000
TRK0472,2842.0,2840.0,2840.0,0.0,0.23834559840595326,100,2023-04-30 10:00:00,2023-04-30 08:00:00.000000000
TRK0473,2846.0,2844.0,2844.0,0.0,0.7747523241856241,100,2023-04-30 14:00:00,2023-04-30 12:00:00.000000000
TRK0474,2850.0,2848.0,2848.4213610338415,0.4213610338417449,0.7877619484419339,100,2023-04-30 18:00:00,2023-04-30 16:25:16.899721831
TRK0475,2854.0,2852.0,2852.436635031236,0.4366350312363167,0.500926380021108,100,2023-04-30 22:00:00,2023-04-30 20:26:11.886112449
TRK0476,2866.0,2864.0,2864.0,0.0,0.581946513134749,100,2023-05-01 10:00:00,2023-05-01 08:00:00.000000000
TRK0477,2870.0,2868.0,2868.0,0.0,0.6317551535516137,100,2023-05-01 14:00:00,2023-05-01 12:00:00.000000000
TRK0478,2874.0,2872.0,2872.0,0.0,0.7345682096188276,100,2023-05-01 18:00:00,2023-05-01 16:00:00.000000000
TRK0479,2878.0,2876.0,2876.0,0.0,0.6702856458986702,100,2023-05-01 22:00:00,2023-05-01 20:00:00.000000000
TRK0480,2890.0,2888.0,2888.4045465744166,0.40454657441682007,0.8329852786279327,100,2023-05-02 10:00:00,2023-05-02 08:24:16.367667901
TRK0481,2894.0,2892.0,2893.5239639743777,1.5239639743775328,0.681138163172405,100,2023-05-02 14:00:00,2023-05-02 13:31:26.270307760
TRK0482,2898.0,2896.0,2896.0,0.0,0.7838078912267346,100,2023-05-02 18:00:00,2023-05-02 16:00:00.000000000
TRK0483,2902.0,2900.0,2900.0,0.0,0.6186958944120873,100,2023-05-02 22:00:00,2023-05-02 20:00:00.000000000
TRK0484,2914.0,2912.0,2912.0,0.0,0.5613957038714089,100,2023-05-03 10:00:00,2023-05-03 08:00:00.000000000
TRK0485,2918.0,2916.0,2915.99805961192,-0.0019403880802738333,0.9360403948774637,100,2023-05-03 14:00:00,2023-05-03 11:59:53.014602912
TRK0486,2922.0,2920.0,2921.0041803750987,1.0041803750987877,0.5945418964007134,100,2023-05-03 18:00:00,2023-05-03 17:00:15.049350356
TRK0487,2926.0,2924.0,2924.9732142960916,0.9732142960915416,0.559927330339045,100,2023-05-03 22:00:00,2023-05-03 20:58:23.571465931
TRK0488,2938.0,2936.0,2936.0,0.0,1.0428672806445727,100,2023-05-04 10:00:00,2023-05-04 08:00:00.000000000
TRK0489,2942.0,2940.0,2940.0,0.0,1.0310145760332678,100,2023-05-04 14:00:00,2023-05-04 12:00:00.000000000
TRK0490,2946.0,2944.0,2944.0,0.0,0.8525112012264526,100,2023-05-04 18:00:00,2023-05-04 16:00:00.000000000
TRK0491,2950.0,2948.0,2947.8849305732406,-0.11506942675963482,0.7335160964147298,100,2023-05-04 22:00:00,2023-05-04 19:53:05.750063667
TRK0492,2962.0,2960.0,2960.0,0.0,0.7966999629219821,100,2023-05-05 10:00:00,2023-05-05 08:00:00.000000000
TRK0493,2966.0,2964.0,2964.0,0.0,0.7077414923688256,100,2023-05-05 14:00:00,2023-05-05 12:00:00.000000000
TRK0494,2970.0,2968.0,2968.13585046229,0.13585046228970488,0.5752353341319245,100,2023-05-05 18:00:00,2023-05-05 16:08:09.061664244
TRK0495,2974.0,2972.0,2972.0,0.0,0.6322260046462658,100,2023-05-05 22:00:00,2023-05-05 20:00:00.000000000
TRK0496,2986.0,2984.0,2983.799321285418,-0.2006787145820141,1.0390030155790335,100,2023-05-06 10:00:00,2023-05-06 07:47:57.556627504
TRK0497,2990.0,2988.0,2988.0,0.0,1.1261551521687596,100,2023-05-06 14:00:00,2023-05-06 12:00:00.000000000
TRK0498,2994.0,2992.0,2992.0,0.0,0.3655483257833704,100,2023-05-06 18:00:00,2023-05-06 16:00:00.000000000
TRK0499,2998.0,2996.0,2996.634437116876,0.634437116876156,0.8665981508816838,100,2023-05-06 22:00:00,2023-05-06 20:38:03.973620753
