slot_id,aisle,bay,side,level,x,y,z,dock_distance,receiving_distance,is_cold,is_ground
A00-B00-L-L0,0,0,L,0,0.0,4.0,0.0,4.0,4.0,True,True
A00-B00-L-L1,0,0,L,1,0.0,4.0,1.6,4.0,4.0,True,False
A00-B00-L-L2,0,0,L,2,0.0,4.0,3.2,4.0,4.0,True,False
A00-B00-R-L0,0,0,R,0,0.0,4.0,0.0,4.0,4.0,True,True
A00-B00-R-L1,0,0,R,1,0.0,4.0,1.6,4.0,4.0,True,False
A00-B00-R-L2,0,0,R,2,0.0,4.0,3.2,4.0,4.0,True,False
A00-B01-L-L0,0,1,L,0,0.0,5.2,0.0,5.2,5.2,True,True
A00-B01-L-L1,0,1,L,1,0.0,5.2,1.6,5.2,5.2,True,False
A00-B01-L-L2,0,1,L,2,0.0,5.2,3.2,5.2,5.2,True,False
A00-B01-R-L0,0,1,R,0,0.0,5.2,0.0,5.2,5.2,True,True
A00-B01-R-L1,0,1,R,1,0.0,5.2,1.6,5.2,5.2,True,False
A00-B01-R-L2,0,1,R,2,0.0,5.2,3.2,5.2,5.2,True,False
A00-B02-L-L0,0,2,L,0,0.0,6.4,0.0,6.4,6.4,True,True
A00-B02-L-L1,0,2,L,1,0.0,6.4,1.6,6.4,6.4,True,False
A00-B02-L-L2,0,2,L,2,0.0,6.4,3.2,6.4,6.4,True,False
A00-B02-R-L0,0,2,R,0,0.0,6.4,0.0,6.4,6.4,True,True
A00-B02-R-L1,0,2,R,1,0.0,6.4,1.6,6.4,6.4,True,False
A00-B02-R-L2,0,2,R,2,0.0,6.4,3.2,6.4,6.4,True,False
A00-B03-L-L0,0,3,L,0,0.0,7.6,0.0,7.6,7.6,True,True
A00-B03-L-L1,0,3,L,1,0.0,7.6,1.6,7.6,7.6,True,False
A00-B03-L-L2,0,3,L,2,0.0,7.6,3.2,7.6,7.6,True,False
A00-B03-R-L0,0,3,R,0,0.0,7.6,0.0,7.6,7.6,True,True
A00-B03-R-L1,0,3,R,1,0.0,7.6,1.6,7.6,7.6,True,False
A00-B03-R-L2,0,3,R,2,0.0,7.6,3.2,7.6,7.6,True,False
A00-B04-L-L0,0,4,L,0,0.0,8.8,0.0,8.8,8.8,True,True
A00-B04-L-L1,0,4,L,1,0.0,8.8,1.6,8.8,8.8,True,False
A00-B04-L-L2,0,4,L,2,0.0,8.8,3.2,8.8,8.8,True,False
A00-B04-R-L0,0,4,R,0,0.0,8.8,0.0,8.8,8.8,True,True
A00-B04-R-L1,0,4,R,1,0.0,8.8,1.6,8.8,8.8,True,False
A00-B04-R-L2,0,4,R,2,0.0,8.8,3.2,8.8,8.8,True,False
A00-B05-L-L0,0,5,L,0,0.0,10.0,0.0,10.0,10.0,True,True
A00-B05-L-L1,0,5,L,1,0.0,10.0,1.6,10.0,10.0,True,False
A00-B05-L-L2,0,5,L,2,0.0,10.0,3.2,10.0,10.0,True,False
A00-B05-R-L0,0,5,R,0,0.0,10.0,0.0,10.0,10.0,True,True
A00-B05-R-L1,0,5,R,1,0.0,10.0,1.6,10.0,10.0,True,False
A00-B05-R-L2,0,5,R,2,0.0,10.0,3.2,10.0,10.0,True,False
A00-B06-L-L0,0,6,L,0,0.0,11.2,0.0,11.2,11.2,True,True
A00-B06-L-L1,0,6,L,1,0.0,11.2,1.6,11.2,11.2,True,False
A00-B06-L-L2,0,6,L,2,0.0,11.2,3.2,11.2,11.2,True,False
A00-B06-R-L0,0,6,R,0,0.0,11.2,0.0,11.2,11.2,True,True
A00-B06-R-L1,0,6,R,1,0.0,11.2,1.6,11.2,11.2,True,False
A00-B06-R-L2,0,6,R,2,0.0,11.2,3.2,11.2,11.2,True,False
A00-B07-L-L0,0,7,L,0,0.0,12.4,0.0,12.4,12.4,True,True
A00-B07-L-L1,0,7,L,1,0.0,12.4,1.6,12.4,12.4,True,False
A00-B07-L-L2,0,7,L,2,0.0,12.4,3.2,12.4,12.4,True,False
A00-B07-R-L0,0,7,R,0,0.0,12.4,0.0,12.4,12.4,True,True
A00-B07-R-L1,0,7,R,1,0.0,12.4,1.6,12.4,12.4,True,False
A00-B07-R-L2,0,7,R,2,0.0,12.4,3.2,12.4,12.4,True,False
A00-B08-L-L0,0,8,L,0,0.0,13.6,0.0,13.6,13.6,True,True
A00-B08-L-L1,0,8,L,1,0.0,13.6,1.6,13.6,13.6,True,False
A00-B08-L-L2,0,8,L,2,0.0,13.6,3.2,13.6,13.6,True,False
A00-B08-R-L0,0,8,R,0,0.0,13.6,0.0,13.6,13.6,True,True
A00-B08-R-L1,0,8,R,1,0.0,13.6,1.6,13.6,13.6,True,False
A00-B08-R-L2,0,8,R,2,0.0,13.6,3.2,13.6,13.6,True,False
A00-B09-L-L0,0,9,L,0,0.0,14.799999999999999,0.0,14.799999999999999,14.799999999999999,True,True
A00-B09-L-L1,0,9,L,1,0.0,14.799999999999999,1.6,14.799999999999999,14.799999999999999,True,False
A00-B09-L-L2,0,9,L,2,0.0,14.799999999999999,3.2,14.799999999999999,14.799999999999999,True,False
A00-B09-R-L0,0,9,R,0,0.0,14.799999999999999,0.0,14.799999999999999,14.799999999999999,True,True
A00-B09-R-L1,0,9,R,1,0.0,14.799999999999999,1.6,14.799999999999999,14.799999999999999,True,False
A00-B09-R-L2,0,9,R,2,0.0,14.799999999999999,3.2,14.799999999999999,14.799999999999999,True,False
A00-B10-L-L0,0,10,L,0,0.0,16.0,0.0,16.0,16.0,True,True
A00-B10-L-L1,0,10,L,1,0.0,16.0,1.6,16.0,16.0,True,False
A00-B10-L-L2,0,10,L,2,0.0,16.0,3.2,16.0,16.0,True,False
A00-B10-R-L0,0,10,R,0,0.0,16.0,0.0,16.0,16.0,True,True
A00-B10-R-L1,0,10,R,1,0.0,16.0,1.6,16.0,16.0,True,False
A00-B10-R-L2,0,10,R,2,0.0,16.0,3.2,16.0,16.0,True,False
A00-B11-L-L0,0,11,L,0,0.0,17.2,0.0,17.2,17.2,True,True
A00-B11-L-L1,0,11,L,1,0.0,17.2,1.6,17.2,17.2,True,False
A00-B11-L-L2,0,11,L,2,0.0,17.2,3.2,17.2,17.2,True,False
A00-B11-R-L0,0,11,R,0,0.0,17.2,0.0,17.2,17.2,True,True
A00-B11-R-L1,0,11,R,1,0.0,17.2,1.6,17.2,17.2,True,False
A00-B11-R-L2,0,11,R,2,0.0,17.2,3.2,17.2,17.2,True,False
A00-B12-L-L0,0,12,L,0,0.0,18.4,0.0,18.4,18.4,True,True
A00-B12-L-L1,0,12,L,1,0.0,18.4,1.6,18.4,18.4,True,False
A00-B12-L-L2,0,12,L,2,0.0,18.4,3.2,18.4,18.4,True,False
A00-B12-R-L0,0,12,R,0,0.0,18.4,0.0,18.4,18.4,True,True
A00-B12-R-L1,0,12,R,1,0.0,18.4,1.6,18.4,18.4,True,False
A00-B12-R-L2,0,12,R,2,0.0,18.4,3.2,18.4,18.4,True,False
A00-B13-L-L0,0,13,L,0,0.0,19.6,0.0,19.6,19.6,True,True
A00-B13-L-L1,0,13,L,1,0.0,19.6,1.6,19.6,19.6,True,False
A00-B13-L-L2,0,13,L,2,0.0,19.6,3.2,19.6,19.6,True,False
A00-B13-R-L0,0,13,R,0,0.0,19.6,0.0,19.6,19.6,True,True
A00-B13-R-L1,0,13,R,1,0.0,19.6,1.6,19.6,19.6,True,False
A00-B13-R-L2,0,13,R,2,0.0,19.6,3.2,19.6,19.6,True,False
A00-B14-L-L0,0,14,L,0,0.0,20.8,0.0,20.8,20.8,True,True
A00-B14-L-L1,0,14,L,1,0.0,20.8,1.6,20.8,20.8,True,False
A00-B14-L-L2,0,14,L,2,0.0,20.8,3.2,20.8,20.8,True,False
A00-B14-R-L0,0,14,R,0,0.0,20.8,0.0,20.8,20.8,True,True
A00-B14-R-L1,0,14,R,1,0.0,20.8,1.6,20.8,20.8,True,False
A00-B14-R-L2,0,14,R,2,0.0,20.8,3.2,20.8,20.8,True,False
A00-B15-L-L0,0,15,L,0,0.0,22.0,0.0,22.0,22.0,True,True
A00-B15-L-L1,0,15,L,1,0.0,22.0,1.6,22.0,22.0,True,False
A00-B15-L-L2,0,15,L,2,0.0,22.0,3.2,22.0,22.0,True,False
A00-B15-R-L0,0,15,R,0,0.0,22.0,0.0,22.0,22.0,True,True
A00-B15-R-L1,0,15,R,1,0.0,22.0,1.6,22.0,22.0,True,False
A00-B15-R-L2,0,15,R,2,0.0,22.0,3.2,22.0,22.0,True,False
A00-B16-L-L0,0,16,L,0,0.0,23.2,0.0,23.2,23.2,True,True
A00-B16-L-L1,0,16,L,1,0.0,23.2,1.6,23.2,23.2,True,False
A00-B16-L-L2,0,16,L,2,0.0,23.2,3.2,23.2,23.2,True,False
A00-B16-R-L0,0,16,R,0,0.0,23.2,0.0,23.2,23.2,True,True
A00-B16-R-L1,0,16,R,1,0.0,23.2,1.6,23.2,23.2,True,False
A00-B16-R-L2,0,16,R,2,0.0,23.2,3.2,23.2,23.2,True,False
A00-B17-L-L0,0,17,L,0,0.0,24.4,0.0,24.4,24.4,True,True
A00-B17-L-L1,0,17,L,1,0.0,24.4,1.6,24.4,24.4,True,False
A00-B17-L-L2,0,17,L,2,0.0,24.4,3.2,24.4,24.4,True,False
A00-B17-R-L0,0,17,R,0,0.0,24.4,0.0,24.4,24.4,True,True
A00-B17-R-L1,0,17,R,1,0.0,24.4,1.6,24.4,24.4,True,False
A00-B17-R-L2,0,17,R,2,0.0,24.4,3.2,24.4,24.4,True,False
A00-B18-L-L0,0,18,L,0,0.0,25.599999999999998,0.0,25.599999999999998,25.599999999999998,True,True
A00-B18-L-L1,0,18,L,1,0.0,25.599999999999998,1.6,25.599999999999998,25.599999999999998,True,False
A00-B18-L-L2,0,18,L,2,0.0,25.599999999999998,3.2,25.599999999999998,25.599999999999998,True,False
A00-B18-R-L0,0,18,R,0,0.0,25.599999999999998,0.0,25.599999999999998,25.599999999999998,True,True
A00-B18-R-L1,0,18,R,1,0.0,25.599999999999998,1.6,25.599999999999998,25.599999999999998,True,False
A00-B18-R-L2,0,18,R,2,0.0,25.599999999999998,3.2,25.599999999999998,25.599999999999998,True,False
A00-B19-L-L0,0,19,L,0,0.0,26.8,0.0,26.8,26.8,True,True
A00-B19-L-L1,0,19,L,1,0.0,26.8,1.6,26.8,26.8,True,False
A00-B19-L-L2,0,19,L,2,0.0,26.8,3.2,26.8,26.8,True,False
A00-B19-R-L0,0,19,R,0,0.0,26.8,0.0,26.8,26.8,True,True
A00-B19-R-L1,0,19,R,1,0.0,26.8,1.6,26.8,26.8,True,False
A00-B19-R-L2,0,19,R,2,0.0,26.8,3.2,26.8,26.8,True,False
A00-B20-L-L0,0,20,L,0,0.0,28.0,0.0,28.0,28.0,True,True
A00-B20-L-L1,0,20,L,1,0.0,28.0,1.6,28.0,28.0,True,False
A00-B20-L-L2,0,20,L,2,0.0,28.0,3.2,28.0,28.0,True,False
A00-B20-R-L0,0,20,R,0,0.0,28.0,0.0,28.0,28.0,True,True
A00-B20-R-L1,0,20,R,1,0.0,28.0,1.6,28.0,28.0,True,False
A00-B20-R-L2,0,20,R,2,0.0,28.0,3.2,28.0,28.0,True,False
A00-B21-L-L0,0,21,L,0,0.0,29.2,0.0,29.2,29.2,True,True
A00-B21-L-L1,0,21,L,1,0.0,29.2,1.6,29.2,29.2,True,False
A00-B21-L-L2,0,21,L,2,0.0,29.2,3.2,29.2,29.2,True,False
A00-B21-R-L0,0,21,R,0,0.0,29.2,0.0,29.2,29.2,True,True
A00-B21-R-L1,0,21,R,1,0.0,29.2,1.6,29.2,29.2,True,False
A00-B21-R-L2,0,21,R,2,0.0,29.2,3.2,29.2,29.2,True,False
A00-B22-L-L0,0,22,L,0,0.0,30.4,0.0,30.4,30.4,True,True
A00-B22-L-L1,0,22,L,1,0.0,30.4,1.6,30.4,30.4,True,False
A00-B22-L-L2,0,22,L,2,0.0,30.4,3.2,30.4,30.4,True,False
A00-B22-R-L0,0,22,R,0,0.0,30.4,0.0,30.4,30.4,True,True
A00-B22-R-L1,0,22,R,1,0.0,30.4,1.6,30.4,30.4,True,False
A00-B22-R-L2,0,22,R,2,0.0,30.4,3.2,30.4,30.4,True,False
A00-B23-L-L0,0,23,L,0,0.0,31.599999999999998,0.0,31.599999999999998,31.599999999999998,True,True
A00-B23-L-L1,0,23,L,1,0.0,31.599999999999998,1.6,31.599999999999998,31.599999999999998,True,False
A00-B23-L-L2,0,23,L,2,0.0,31.599999999999998,3.2,31.599999999999998,31.599999999999998,True,False
A00-B23-R-L0,0,23,R,0,0.0,31.599999999999998,0.0,31.599999999999998,31.599999999999998,True,True
A00-B23-R-L1,0,23,R,1,0.0,31.599999999999998,1.6,31.599999999999998,31.599999999999998,True,False
A00-B23-R-L2,0,23,R,2,0.0,31.599999999999998,3.2,31.599999999999998,31.599999999999998,True,False
A01-B00-L-L0,1,0,L,0,3.0,4.0,0.0,7.0,7.0,True,True
A01-B00-L-L1,1,0,L,1,3.0,4.0,1.6,7.0,7.0,True,False
A01-B00-L-L2,1,0,L,2,3.0,4.0,3.2,7.0,7.0,True,False
A01-B00-R-L0,1,0,R,0,3.0,4.0,0.0,7.0,7.0,True,True
A01-B00-R-L1,1,0,R,1,3.0,4.0,1.6,7.0,7.0,True,False
A01-B00-R-L2,1,0,R,2,3.0,4.0,3.2,7.0,7.0,True,False
A01-B01-L-L0,1,1,L,0,3.0,5.2,0.0,8.2,8.2,True,True
A01-B01-L-L1,1,1,L,1,3.0,5.2,1.6,8.2,8.2,True,False
A01-B01-L-L2,1,1,L,2,3.0,5.2,3.2,8.2,8.2,True,False
A01-B01-R-L0,1,1,R,0,3.0,5.2,0.0,8.2,8.2,True,True
A01-B01-R-L1,1,1,R,1,3.0,5.2,1.6,8.2,8.2,True,False
A01-B01-R-L2,1,1,R,2,3.0,5.2,3.2,8.2,8.2,True,False
A01-B02-L-L0,1,2,L,0,3.0,6.4,0.0,9.4,9.4,True,True
A01-B02-L-L1,1,2,L,1,3.0,6.4,1.6,9.4,9.4,True,False
A01-B02-L-L2,1,2,L,2,3.0,6.4,3.2,9.4,9.4,True,False
A01-B02-R-L0,1,2,R,0,3.0,6.4,0.0,9.4,9.4,True,True
A01-B02-R-L1,1,2,R,1,3.0,6.4,1.6,9.4,9.4,True,False
A01-B02-R-L2,1,2,R,2,3.0,6.4,3.2,9.4,9.4,True,False
A01-B03-L-L0,1,3,L,0,3.0,7.6,0.0,10.6,10.6,True,True
A01-B03-L-L1,1,3,L,1,3.0,7.6,1.6,10.6,10.6,True,False
A01-B03-L-L2,1,3,L,2,3.0,7.6,3.2,10.6,10.6,True,False
A01-B03-R-L0,1,3,R,0,3.0,7.6,0.0,10.6,10.6,True,True
A01-B03-R-L1,1,3,R,1,3.0,7.6,1.6,10.6,10.6,True,False
A01-B03-R-L2,1,3,R,2,3.0,7.6,3.2,10.6,10.6,True,False
A01-B04-L-L0,1,4,L,0,3.0,8.8,0.0,11.8,11.8,True,True
A01-B04-L-L1,1,4,L,1,3.0,8.8,1.6,11.8,11.8,True,False
A01-B04-L-L2,1,4,L,2,3.0,8.8,3.2,11.8,11.8,True,False
A01-B04-R-L0,1,4,R,0,3.0,8.8,0.0,11.8,11.8,True,True
A01-B04-R-L1,1,4,R,1,3.0,8.8,1.6,11.8,11.8,True,False
A01-B04-R-L2,1,4,R,2,3.0,8.8,3.2,11.8,11.8,True,False
A01-B05-L-L0,1,5,L,0,3.0,10.0,0.0,13.0,13.0,True,True
A01-B05-L-L1,1,5,L,1,3.0,10.0,1.6,13.0,13.0,True,False
A01-B05-L-L2,1,5,L,2,3.0,10.0,3.2,13.0,13.0,True,False
A01-B05-R-L0,1,5,R,0,3.0,10.0,0.0,13.0,13.0,True,True
A01-B05-R-L1,1,5,R,1,3.0,10.0,1.6,13.0,13.0,True,False
A01-B05-R-L2,1,5,R,2,3.0,10.0,3.2,13.0,13.0,True,False
A01-B06-L-L0,1,6,L,0,3.0,11.2,0.0,14.2,14.2,True,True
A01-B06-L-L1,1,6,L,1,3.0,11.2,1.6,14.2,14.2,True,False
A01-B06-L-L2,1,6,L,2,3.0,11.2,3.2,14.2,14.2,True,False
A01-B06-R-L0,1,6,R,0,3.0,11.2,0.0,14.2,14.2,True,True
A01-B06-R-L1,1,6,R,1,3.0,11.2,1.6,14.2,14.2,True,False
A01-B06-R-L2,1,6,R,2,3.0,11.2,3.2,14.2,14.2,True,False
A01-B07-L-L0,1,7,L,0,3.0,12.4,0.0,15.4,15.4,True,True
A01-B07-L-L1,1,7,L,1,3.0,12.4,1.6,15.4,15.4,True,False
A01-B07-L-L2,1,7,L,2,3.0,12.4,3.2,15.4,15.4,True,False
A01-B07-R-L0,1,7,R,0,3.0,12.4,0.0,15.4,15.4,True,True
A01-B07-R-L1,1,7,R,1,3.0,12.4,1.6,15.4,15.4,True,False
A01-B07-R-L2,1,7,R,2,3.0,12.4,3.2,15.4,15.4,True,False
A01-B08-L-L0,1,8,L,0,3.0,13.6,0.0,16.6,16.6,True,True
A01-B08-L-L1,1,8,L,1,3.0,13.6,1.6,16.6,16.6,True,False
A01-B08-L-L2,1,8,L,2,3.0,13.6,3.2,16.6,16.6,True,False
A01-B08-R-L0,1,8,R,0,3.0,13.6,0.0,16.6,16.6,True,True
A01-B08-R-L1,1,8,R,1,3.0,13.6,1.6,16.6,16.6,True,False
A01-B08-R-L2,1,8,R,2,3.0,13.6,3.2,16.6,16.6,True,False
A01-B09-L-L0,1,9,L,0,3.0,14.799999999999999,0.0,17.799999999999997,17.799999999999997,True,True
A01-B09-L-L1,1,9,L,1,3.0,14.799999999999999,1.6,17.799999999999997,17.799999999999997,True,False
A01-B09-L-L2,1,9,L,2,3.0,14.799999999999999,3.2,17.799999999999997,17.799999999999997,True,False
A01-B09-R-L0,1,9,R,0,3.0,14.799999999999999,0.0,17.799999999999997,17.799999999999997,True,True
A01-B09-R-L1,1,9,R,1,3.0,14.799999999999999,1.6,17.799999999999997,17.799999999999997,True,False
A01-B09-R-L2,1,9,R,2,3.0,14.799999999999999,3.2,17.799999999999997,17.799999999999997,True,False
A01-B10-L-L0,1,10,L,0,3.0,16.0,0.0,19.0,19.0,True,True
A01-B10-L-L1,1,10,L,1,3.0,16.0,1.6,19.0,19.0,True,False
A01-B10-L-L2,1,10,L,2,3.0,16.0,3.2,19.0,19.0,True,False
A01-B10-R-L0,1,10,R,0,3.0,16.0,0.0,19.0,19.0,True,True
A01-B10-R-L1,1,10,R,1,3.0,16.0,1.6,19.0,19.0,True,False
A01-B10-R-L2,1,10,R,2,3.0,16.0,3.2,19.0,19.0,True,False
A01-B11-L-L0,1,11,L,0,3.0,17.2,0.0,20.2,20.2,True,True
A01-B11-L-L1,1,11,L,1,3.0,17.2,1.6,20.2,20.2,True,False
A01-B11-L-L2,1,11,L,2,3.0,17.2,3.2,20.2,20.2,True,False
A01-B11-R-L0,1,11,R,0,3.0,17.2,0.0,20.2,20.2,True,True
A01-B11-R-L1,1,11,R,1,3.0,17.2,1.6,20.2,20.2,True,False
A01-B11-R-L2,1,11,R,2,3.0,17.2,3.2,20.2,20.2,True,False
A01-B12-L-L0,1,12,L,0,3.0,18.4,0.0,21.4,21.4,True,True
A01-B12-L-L1,1,12,L,1,3.0,18.4,1.6,21.4,21.4,True,False
A01-B12-L-L2,1,12,L,2,3.0,18.4,3.2,21.4,21.4,True,False
A01-B12-R-L0,1,12,R,0,3.0,18.4,0.0,21.4,21.4,True,True
A01-B12-R-L1,1,12,R,1,3.0,18.4,1.6,21.4,21.4,True,False
A01-B12-R-L2,1,12,R,2,3.0,18.4,3.2,21.4,21.4,True,False
A01-B13-L-L0,1,13,L,0,3.0,19.6,0.0,22.6,22.6,True,True
A01-B13-L-L1,1,13,L,1,3.0,19.6,1.6,22.6,22.6,True,False
A01-B13-L-L2,1,13,L,2,3.0,19.6,3.2,22.6,22.6,True,False
A01-B13-R-L0,1,13,R,0,3.0,19.6,0.0,22.6,22.6,True,True
A01-B13-R-L1,1,13,R,1,3.0,19.6,1.6,22.6,22.6,True,False
A01-B13-R-L2,1,13,R,2,3.0,19.6,3.2,22.6,22.6,True,False
A01-B14-L-L0,1,14,L,0,3.0,20.8,0.0,23.8,23.8,True,True
A01-B14-L-L1,1,14,L,1,3.0,20.8,1.6,23.8,23.8,True,False
A01-B14-L-L2,1,14,L,2,3.0,20.8,3.2,23.8,23.8,True,False
A01-B14-R-L0,1,14,R,0,3.0,20.8,0.0,23.8,23.8,True,True
A01-B14-R-L1,1,14,R,1,3.0,20.8,1.6,23.8,23.8,True,False
A01-B14-R-L2,1,14,R,2,3.0,20.8,3.2,23.8,23.8,True,False
A01-B15-L-L0,1,15,L,0,3.0,22.0,0.0,25.0,25.0,True,True
A01-B15-L-L1,1,15,L,1,3.0,22.0,1.6,25.0,25.0,True,False
A01-B15-L-L2,1,15,L,2,3.0,22.0,3.2,25.0,25.0,True,False
A01-B15-R-L0,1,15,R,0,3.0,22.0,0.0,25.0,25.0,True,True
A01-B15-R-L1,1,15,R,1,3.0,22.0,1.6,25.0,25.0,True,False
A01-B15-R-L2,1,15,R,2,3.0,22.0,3.2,25.0,25.0,True,False
A01-B16-L-L0,1,16,L,0,3.0,23.2,0.0,26.2,26.2,True,True
A01-B16-L-L1,1,16,L,1,3.0,23.2,1.6,26.2,26.2,True,False
A01-B16-L-L2,1,16,L,2,3.0,23.2,3.2,26.2,26.2,True,False
A01-B16-R-L0,1,16,R,0,3.0,23.2,0.0,26.2,26.2,True,True
A01-B16-R-L1,1,16,R,1,3.0,23.2,1.6,26.2,26.2,True,False
A01-B16-R-L2,1,16,R,2,3.0,23.2,3.2,26.2,26.2,True,False
A01-B17-L-L0,1,17,L,0,3.0,24.4,0.0,27.4,27.4,True,True
A01-B17-L-L1,1,17,L,1,3.0,24.4,1.6,27.4,27.4,True,False
A01-B17-L-L2,1,17,L,2,3.0,24.4,3.2,27.4,27.4,True,False
A01-B17-R-L0,1,17,R,0,3.0,24.4,0.0,27.4,27.4,True,True
A01-B17-R-L1,1,17,R,1,3.0,24.4,1.6,27.4,27.4,True,False
A01-B17-R-L2,1,17,R,2,3.0,24.4,3.2,27.4,27.4,True,False
A01-B18-L-L0,1,18,L,0,3.0,25.599999999999998,0.0,28.599999999999998,28.599999999999998,True,True
A01-B18-L-L1,1,18,L,1,3.0,25.599999999999998,1.6,28.599999999999998,28.599999999999998,True,False
A01-B18-L-L2,1,18,L,2,3.0,25.599999999999998,3.2,28.599999999999998,28.599999999999998,True,False
A01-B18-R-L0,1,18,R,0,3.0,25.599999999999998,0.0,28.599999999999998,28.599999999999998,True,True
A01-B18-R-L1,1,18,R,1,3.0,25.599999999999998,1.6,28.599999999999998,28.599999999999998,True,False
A01-B18-R-L2,1,18,R,2,3.0,25.599999999999998,3.2,28.599999999999998,28.599999999999998,True,False
A01-B19-L-L0,1,19,L,0,3.0,26.8,0.0,29.8,29.8,True,True
A01-B19-L-L1,1,19,L,1,3.0,26.8,1.6,29.8,29.8,True,False
A01-B19-L-L2,1,19,L,2,3.0,26.8,3.2,29.8,29.8,True,False
A01-B19-R-L0,1,19,R,0,3.0,26.8,0.0,29.8,29.8,True,True
A01-B19-R-L1,1,19,R,1,3.0,26.8,1.6,29.8,29.8,True,False
A01-B19-R-L2,1,19,R,2,3.0,26.8,3.2,29.8,29.8,True,False
A01-B20-L-L0,1,20,L,0,3.0,28.0,0.0,31.0,31.0,True,True
A01-B20-L-L1,1,20,L,1,3.0,28.0,1.6,31.0,31.0,True,False
A01-B20-L-L2,1,20,L,2,3.0,28.0,3.2,31.0,31.0,True,False
A01-B20-R-L0,1,20,R,0,3.0,28.0,0.0,31.0,31.0,True,True
A01-B20-R-L1,1,20,R,1,3.0,28.0,1.6,31.0,31.0,True,False
A01-B20-R-L2,1,20,R,2,3.0,28.0,3.2,31.0,31.0,True,False
A01-B21-L-L0,1,21,L,0,3.0,29.2,0.0,32.2,32.2,True,True
A01-B21-L-L1,1,21,L,1,3.0,29.2,1.6,32.2,32.2,True,False
A01-B21-L-L2,1,21,L,2,3.0,29.2,3.2,32.2,32.2,True,False
A01-B21-R-L0,1,21,R,0,3.0,29.2,0.0,32.2,32.2,True,True
A01-B21-R-L1,1,21,R,1,3.0,29.2,1.6,32.2,32.2,True,False
A01-B21-R-L2,1,21,R,2,3.0,29.2,3.2,32.2,32.2,True,False
A01-B22-L-L0,1,22,L,0,3.0,30.4,0.0,33.4,33.4,True,True
A01-B22-L-L1,1,22,L,1,3.0,30.4,1.6,33.4,33.4,True,False
A01-B22-L-L2,1,22,L,2,3.0,30.4,3.2,33.4,33.4,True,False
A01-B22-R-L0,1,22,R,0,3.0,30.4,0.0,33.4,33.4,True,True
A01-B22-R-L1,1,22,R,1,3.0,30.4,1.6,33.4,33.4,True,False
A01-B22-R-L2,1,22,R,2,3.0,30.4,3.2,33.4,33.4,True,False
A01-B23-L-L0,1,23,L,0,3.0,31.599999999999998,0.0,34.599999999999994,34.599999999999994,True,True
A01-B23-L-L1,1,23,L,1,3.0,31.599999999999998,1.6,34.599999999999994,34.599999999999994,True,False
A01-B23-L-L2,1,23,L,2,3.0,31.599999999999998,3.2,34.599999999999994,34.599999999999994,True,False
A01-B23-R-L0,1,23,R,0,3.0,31.599999999999998,0.0,34.599999999999994,34.599999999999994,True,True
A01-B23-R-L1,1,23,R,1,3.0,31.599999999999998,1.6,34.599999999999994,34.599999999999994,True,False
A01-B23-R-L2,1,23,R,2,3.0,31.599999999999998,3.2,34.599999999999994,34.599999999999994,True,False
A02-B00-L-L0,2,0,L,0,6.0,4.0,0.0,10.0,10.0,True,True
A02-B00-L-L1,2,0,L,1,6.0,4.0,1.6,10.0,10.0,True,False
A02-B00-L-L2,2,0,L,2,6.0,4.0,3.2,10.0,10.0,True,False
A02-B00-R-L0,2,0,R,0,6.0,4.0,0.0,10.0,10.0,True,True
A02-B00-R-L1,2,0,R,1,6.0,4.0,1.6,10.0,10.0,True,False
A02-B00-R-L2,2,0,R,2,6.0,4.0,3.2,10.0,10.0,True,False
A02-B01-L-L0,2,1,L,0,6.0,5.2,0.0,11.2,11.2,True,True
A02-B01-L-L1,2,1,L,1,6.0,5.2,1.6,11.2,11.2,True,False
A02-B01-L-L2,2,1,L,2,6.0,5.2,3.2,11.2,11.2,True,False
A02-B01-R-L0,2,1,R,0,6.0,5.2,0.0,11.2,11.2,True,True
A02-B01-R-L1,2,1,R,1,6.0,5.2,1.6,11.2,11.2,True,False
A02-B01-R-L2,2,1,R,2,6.0,5.2,3.2,11.2,11.2,True,False
A02-B02-L-L0,2,2,L,0,6.0,6.4,0.0,12.4,12.4,True,True
A02-B02-L-L1,2,2,L,1,6.0,6.4,1.6,12.4,12.4,True,False
A02-B02-L-L2,2,2,L,2,6.0,6.4,3.2,12.4,12.4,True,False
A02-B02-R-L0,2,2,R,0,6.0,6.4,0.0,12.4,12.4,True,True
A02-B02-R-L1,2,2,R,1,6.0,6.4,1.6,12.4,12.4,True,False
A02-B02-R-L2,2,2,R,2,6.0,6.4,3.2,12.4,12.4,True,False
A02-B03-L-L0,2,3,L,0,6.0,7.6,0.0,13.6,13.6,True,True
A02-B03-L-L1,2,3,L,1,6.0,7.6,1.6,13.6,13.6,True,False
A02-B03-L-L2,2,3,L,2,6.0,7.6,3.2,13.6,13.6,True,False
A02-B03-R-L0,2,3,R,0,6.0,7.6,0.0,13.6,13.6,True,True
A02-B03-R-L1,2,3,R,1,6.0,7.6,1.6,13.6,13.6,True,False
A02-B03-R-L2,2,3,R,2,6.0,7.6,3.2,13.6,13.6,True,False
A02-B04-L-L0,2,4,L,0,6.0,8.8,0.0,14.8,14.8,True,True
A02-B04-L-L1,2,4,L,1,6.0,8.8,1.6,14.8,14.8,True,False
A02-B04-L-L2,2,4,L,2,6.0,8.8,3.2,14.8,14.8,True,False
A02-B04-R-L0,2,4,R,0,6.0,8.8,0.0,14.8,14.8,True,True
A02-B04-R-L1,2,4,R,1,6.0,8.8,1.6,14.8,14.8,True,False
A02-B04-R-L2,2,4,R,2,6.0,8.8,3.2,14.8,14.8,True,False
A02-B05-L-L0,2,5,L,0,6.0,10.0,0.0,16.0,16.0,True,True
A02-B05-L-L1,2,5,L,1,6.0,10.0,1.6,16.0,16.0,True,False
A02-B05-L-L2,2,5,L,2,6.0,10.0,3.2,16.0,16.0,True,False
A02-B05-R-L0,2,5,R,0,6.0,10.0,0.0,16.0,16.0,True,True
A02-B05-R-L1,2,5,R,1,6.0,10.0,1.6,16.0,16.0,True,False
A02-B05-R-L2,2,5,R,2,6.0,10.0,3.2,16.0,16.0,True,False
A02-B06-L-L0,2,6,L,0,6.0,11.2,0.0,17.2,17.2,True,True
A02-B06-L-L1,2,6,L,1,6.0,11.2,1.6,17.2,17.2,True,False
A02-B06-L-L2,2,6,L,2,6.0,11.2,3.2,17.2,17.2,True,False
A02-B06-R-L0,2,6,R,0,6.0,11.2,0.0,17.2,17.2,True,True
A02-B06-R-L1,2,6,R,1,6.0,11.2,1.6,17.2,17.2,True,False
A02-B06-R-L2,2,6,R,2,6.0,11.2,3.2,17.2,17.2,True,False
A02-B07-L-L0,2,7,L,0,6.0,12.4,0.0,18.4,18.4,True,True
A02-B07-L-L1,2,7,L,1,6.0,12.4,1.6,18.4,18.4,True,False
A02-B07-L-L2,2,7,L,2,6.0,12.4,3.2,18.4,18.4,True,False
A02-B07-R-L0,2,7,R,0,6.0,12.4,0.0,18.4,18.4,True,True
A02-B07-R-L1,2,7,R,1,6.0,12.4,1.6,18.4,18.4,True,False
A02-B07-R-L2,2,7,R,2,6.0,12.4,3.2,18.4,18.4,True,False
A02-B08-L-L0,2,8,L,0,6.0,13.6,0.0,19.6,19.6,True,True
A02-B08-L-L1,2,8,L,1,6.0,13.6,1.6,19.6,19.6,True,False
A02-B08-L-L2,2,8,L,2,6.0,13.6,3.2,19.6,19.6,True,False
A02-B08-R-L0,2,8,R,0,6.0,13.6,0.0,19.6,19.6,True,True
A02-B08-R-L1,2,8,R,1,6.0,13.6,1.6,19.6,19.6,True,False
A02-B08-R-L2,2,8,R,2,6.0,13.6,3.2,19.6,19.6,True,False
A02-B09-L-L0,2,9,L,0,6.0,14.799999999999999,0.0,20.799999999999997,20.799999999999997,True,True
A02-B09-L-L1,2,9,L,1,6.0,14.799999999999999,1.6,20.799999999999997,20.799999999999997,True,False
A02-B09-L-L2,2,9,L,2,6.0,14.799999999999999,3.2,20.799999999999997,20.799999999999997,True,False
A02-B09-R-L0,2,9,R,0,6.0,14.799999999999999,0.0,20.799999999999997,20.799999999999997,True,True
A02-B09-R-L1,2,9,R,1,6.0,14.799999999999999,1.6,20.799999999999997,20.799999999999997,True,False
A02-B09-R-L2,2,9,R,2,6.0,14.799999999999999,3.2,20.799999999999997,20.799999999999997,True,False
A02-B10-L-L0,2,10,L,0,6.0,16.0,0.0,22.0,22.0,True,True
A02-B10-L-L1,2,10,L,1,6.0,16.0,1.6,22.0,22.0,True,False
A02-B10-L-L2,2,10,L,2,6.0,16.0,3.2,22.0,22.0,True,False
A02-B10-R-L0,2,10,R,0,6.0,16.0,0.0,22.0,22.0,True,True
A02-B10-R-L1,2,10,R,1,6.0,16.0,1.6,22.0,22.0,True,False
A02-B10-R-L2,2,10,R,2,6.0,16.0,3.2,22.0,22.0,True,False
A02-B11-L-L0,2,11,L,0,6.0,17.2,0.0,23.2,23.2,True,True
A02-B11-L-L1,2,11,L,1,6.0,17.2,1.6,23.2,23.2,True,False
A02-B11-L-L2,2,11,L,2,6.0,17.2,3.2,23.2,23.2,True,False
A02-B11-R-L0,2,11,R,0,6.0,17.2,0.0,23.2,23.2,True,True
A02-B11-R-L1,2,11,R,1,6.0,17.2,1.6,23.2,23.2,True,False
A02-B11-R-L2,2,11,R,2,6.0,17.2,3.2,23.2,23.2,True,False
A02-B12-L-L0,2,12,L,0,6.0,18.4,0.0,24.4,24.4,True,True
A02-B12-L-L1,2,12,L,1,6.0,18.4,1.6,24.4,24.4,True,False
A02-B12-L-L2,2,12,L,2,6.0,18.4,3.2,24.4,24.4,True,False
A02-B12-R-L0,2,12,R,0,6.0,18.4,0.0,24.4,24.4,True,True
A02-B12-R-L1,2,12,R,1,6.0,18.4,1.6,24.4,24.4,True,False
A02-B12-R-L2,2,12,R,2,6.0,18.4,3.2,24.4,24.4,True,False
A02-B13-L-L0,2,13,L,0,6.0,19.6,0.0,25.6,25.6,True,True
A02-B13-L-L1,2,13,L,1,6.0,19.6,1.6,25.6,25.6,True,False
A02-B13-L-L2,2,13,L,2,6.0,19.6,3.2,25.6,25.6,True,False
A02-B13-R-L0,2,13,R,0,6.0,19.6,0.0,25.6,25.6,True,True
A02-B13-R-L1,2,13,R,1,6.0,19.6,1.6,25.6,25.6,True,False
A02-B13-R-L2,2,13,R,2,6.0,19.6,3.2,25.6,25.6,True,False
A02-B14-L-L0,2,14,L,0,6.0,20.8,0.0,26.8,26.8,True,True
A02-B14-L-L1,2,14,L,1,6.0,20.8,1.6,26.8,26.8,True,False
A02-B14-L-L2,2,14,L,2,6.0,20.8,3.2,26.8,26.8,True,False
A02-B14-R-L0,2,14,R,0,6.0,20.8,0.0,26.8,26.8,True,True
A02-B14-R-L1,2,14,R,1,6.0,20.8,1.6,26.8,26.8,True,False
A02-B14-R-L2,2,14,R,2,6.0,20.8,3.2,26.8,26.8,True,False
A02-B15-L-L0,2,15,L,0,6.0,22.0,0.0,28.0,28.0,True,True
A02-B15-L-L1,2,15,L,1,6.0,22.0,1.6,28.0,28.0,True,False
A02-B15-L-L2,2,15,L,2,6.0,22.0,3.2,28.0,28.0,True,False
A02-B15-R-L0,2,15,R,0,6.0,22.0,0.0,28.0,28.0,True,True
A02-B15-R-L1,2,15,R,1,6.0,22.0,1.6,28.0,28.0,True,False
A02-B15-R-L2,2,15,R,2,6.0,22.0,3.2,28.0,28.0,True,False
A02-B16-L-L0,2,16,L,0,6.0,23.2,0.0,29.2,29.2,True,True
A02-B16-L-L1,2,16,L,1,6.0,23.2,1.6,29.2,29.2,True,False
A02-B16-L-L2,2,16,L,2,6.0,23.2,3.2,29.2,29.2,True,False
A02-B16-R-L0,2,16,R,0,6.0,23.2,0.0,29.2,29.2,True,True
A02-B16-R-L1,2,16,R,1,6.0,23.2,1.6,29.2,29.2,True,False
A02-B16-R-L2,2,16,R,2,6.0,23.2,3.2,29.2,29.2,True,False
A02-B17-L-L0,2,17,L,0,6.0,24.4,0.0,30.4,30.4,True,True
A02-B17-L-L1,2,17,L,1,6.0,24.4,1.6,30.4,30.4,True,False
A02-B17-L-L2,2,17,L,2,6.0,24.4,3.2,30.4,30.4,True,False
A02-B17-R-L0,2,17,R,0,6.0,24.4,0.0,30.4,30.4,True,True
A02-B17-R-L1,2,17,R,1,6.0,24.4,1.6,30.4,30.4,True,False
A02-B17-R-L2,2,17,R,2,6.0,24.4,3.2,30.4,30.4,True,False
A02-B18-L-L0,2,18,L,0,6.0,25.599999999999998,0.0,31.599999999999998,31.599999999999998,True,True
A02-B18-L-L1,2,18,L,1,6.0,25.599999999999998,1.6,31.599999999999998,31.599999999999998,True,False
A02-B18-L-L2,2,18,L,2,6.0,25.599999999999998,3.2,31.599999999999998,31.599999999999998,True,False
A02-B18-R-L0,2,18,R,0,6.0,25.599999999999998,0.0,31.599999999999998,31.599999999999998,True,True
A02-B18-R-L1,2,18,R,1,6.0,25.599999999999998,1.6,31.599999999999998,31.599999999999998,True,False
A02-B18-R-L2,2,18,R,2,6.0,25.599999999999998,3.2,31.599999999999998,31.599999999999998,True,False
A02-B19-L-L0,2,19,L,0,6.0,26.8,0.0,32.8,32.8,True,True
A02-B19-L-L1,2,19,L,1,6.0,26.8,1.6,32.8,32.8,True,False
A02-B19-L-L2,2,19,L,2,6.0,26.8,3.2,32.8,32.8,True,False
A02-B19-R-L0,2,19,R,0,6.0,26.8,0.0,32.8,32.8,True,True
A02-B19-R-L1,2,19,R,1,6.0,26.8,1.6,32.8,32.8,True,False
A02-B19-R-L2,2,19,R,2,6.0,26.8,3.2,32.8,32.8,True,False
A02-B20-L-L0,2,20,L,0,6.0,28.0,0.0,34.0,34.0,True,True
A02-B20-L-L1,2,20,L,1,6.0,28.0,1.6,34.0,34.0,True,False
A02-B20-L-L2,2,20,L,2,6.0,28.0,3.2,34.0,34.0,True,False
A02-B20-R-L0,2,20,R,0,6.0,28.0,0.0,34.0,34.0,True,True
A02-B20-R-L1,2,20,R,1,6.0,28.0,1.6,34.0,34.0,True,False
A02-B20-R-L2,2,20,R,2,6.0,28.0,3.2,34.0,34.0,True,False
A02-B21-L-L0,2,21,L,0,6.0,29.2,0.0,35.2,35.2,True,True
A02-B21-L-L1,2,21,L,1,6.0,29.2,1.6,35.2,35.2,True,False
A02-B21-L-L2,2,21,L,2,6.0,29.2,3.2,35.2,35.2,True,False
A02-B21-R-L0,2,21,R,0,6.0,29.2,0.0,35.2,35.2,True,True
A02-B21-R-L1,2,21,R,1,6.0,29.2,1.6,35.2,35.2,True,False
A02-B21-R-L2,2,21,R,2,6.0,29.2,3.2,35.2,35.2,True,False
A02-B22-L-L0,2,22,L,0,6.0,30.4,0.0,36.4,36.4,True,True
A02-B22-L-L1,2,22,L,1,6.0,30.4,1.6,36.4,36.4,True,False
A02-B22-L-L2,2,22,L,2,6.0,30.4,3.2,36.4,36.4,True,False
A02-B22-R-L0,2,22,R,0,6.0,30.4,0.0,36.4,36.4,True,True
A02-B22-R-L1,2,22,R,1,6.0,30.4,1.6,36.4,36.4,True,False
A02-B22-R-L2,2,22,R,2,6.0,30.4,3.2,36.4,36.4,True,False
A02-B23-L-L0,2,23,L,0,6.0,31.599999999999998,0.0,37.599999999999994,37.599999999999994,True,True
A02-B23-L-L1,2,23,L,1,6.0,31.599999999999998,1.6,37.599999999999994,37.599999999999994,True,False
A02-B23-L-L2,2,23,L,2,6.0,31.599999999999998,3.2,37.599999999999994,37.599999999999994,True,False
A02-B23-R-L0,2,23,R,0,6.0,31.599999999999998,0.0,37.599999999999994,37.599999999999994,True,True
A02-B23-R-L1,2,23,R,1,6.0,31.599999999999998,1.6,37.599999999999994,37.599999999999994,True,False
A02-B23-R-L2,2,23,R,2,6.0,31.599999999999998,3.2,37.599999999999994,37.599999999999994,True,False
A03-B00-L-L0,3,0,L,0,9.0,4.0,0.0,13.0,13.0,True,True
A03-B00-L-L1,3,0,L,1,9.0,4.0,1.6,13.0,13.0,True,False
A03-B00-L-L2,3,0,L,2,9.0,4.0,3.2,13.0,13.0,True,False
A03-B00-R-L0,3,0,R,0,9.0,4.0,0.0,13.0,13.0,True,True
A03-B00-R-L1,3,0,R,1,9.0,4.0,1.6,13.0,13.0,True,False
A03-B00-R-L2,3,0,R,2,9.0,4.0,3.2,13.0,13.0,True,False
A03-B01-L-L0,3,1,L,0,9.0,5.2,0.0,14.2,14.2,True,True
A03-B01-L-L1,3,1,L,1,9.0,5.2,1.6,14.2,14.2,True,False
A03-B01-L-L2,3,1,L,2,9.0,5.2,3.2,14.2,14.2,True,False
A03-B01-R-L0,3,1,R,0,9.0,5.2,0.0,14.2,14.2,True,True
A03-B01-R-L1,3,1,R,1,9.0,5.2,1.6,14.2,14.2,True,False
A03-B01-R-L2,3,1,R,2,9.0,5.2,3.2,14.2,14.2,True,False
A03-B02-L-L0,3,2,L,0,9.0,6.4,0.0,15.4,15.4,True,True
A03-B02-L-L1,3,2,L,1,9.0,6.4,1.6,15.4,15.4,True,False
A03-B02-L-L2,3,2,L,2,9.0,6.4,3.2,15.4,15.4,True,False
A03-B02-R-L0,3,2,R,0,9.0,6.4,0.0,15.4,15.4,True,True
A03-B02-R-L1,3,2,R,1,9.0,6.4,1.6,15.4,15.4,True,False
A03-B02-R-L2,3,2,R,2,9.0,6.4,3.2,15.4,15.4,True,False
A03-B03-L-L0,3,3,L,0,9.0,7.6,0.0,16.6,16.6,True,True
A03-B03-L-L1,3,3,L,1,9.0,7.6,1.6,16.6,16.6,True,False
A03-B03-L-L2,3,3,L,2,9.0,7.6,3.2,16.6,16.6,True,False
A03-B03-R-L0,3,3,R,0,9.0,7.6,0.0,16.6,16.6,True,True
A03-B03-R-L1,3,3,R,1,9.0,7.6,1.6,16.6,16.6,True,False
A03-B03-R-L2,3,3,R,2,9.0,7.6,3.2,16.6,16.6,True,False
A03-B04-L-L0,3,4,L,0,9.0,8.8,0.0,17.8,17.8,True,True
A03-B04-L-L1,3,4,L,1,9.0,8.8,1.6,17.8,17.8,True,False
A03-B04-L-L2,3,4,L,2,9.0,8.8,3.2,17.8,17.8,True,False
A03-B04-R-L0,3,4,R,0,9.0,8.8,0.0,17.8,17.8,True,True
A03-B04-R-L1,3,4,R,1,9.0,8.8,1.6,17.8,17.8,True,False
A03-B04-R-L2,3,4,R,2,9.0,8.8,3.2,17.8,17.8,True,False
A03-B05-L-L0,3,5,L,0,9.0,10.0,0.0,19.0,19.0,True,True
A03-B05-L-L1,3,5,L,1,9.0,10.0,1.6,19.0,19.0,True,False
A03-B05-L-L2,3,5,L,2,9.0,10.0,3.2,19.0,19.0,True,False
A03-B05-R-L0,3,5,R,0,9.0,10.0,0.0,19.0,19.0,True,True
A03-B05-R-L1,3,5,R,1,9.0,10.0,1.6,19.0,19.0,True,False
A03-B05-R-L2,3,5,R,2,9.0,10.0,3.2,19.0,19.0,True,False
A03-B06-L-L0,3,6,L,0,9.0,11.2,0.0,20.2,20.2,True,True
A03-B06-L-L1,3,6,L,1,9.0,11.2,1.6,20.2,20.2,True,False
A03-B06-L-L2,3,6,L,2,9.0,11.2,3.2,20.2,20.2,True,False
A03-B06-R-L0,3,6,R,0,9.0,11.2,0.0,20.2,20.2,True,True
A03-B06-R-L1,3,6,R,1,9.0,11.2,1.6,20.2,20.2,True,False
A03-B06-R-L2,3,6,R,2,9.0,11.2,3.2,20.2,20.2,True,False
A03-B07-L-L0,3,7,L,0,9.0,12.4,0.0,21.4,21.4,True,True
A03-B07-L-L1,3,7,L,1,9.0,12.4,1.6,21.4,21.4,True,False
A03-B07-L-L2,3,7,L,2,9.0,12.4,3.2,21.4,21.4,True,False
A03-B07-R-L0,3,7,R,0,9.0,12.4,0.0,21.4,21.4,True,True
A03-B07-R-L1,3,7,R,1,9.0,12.4,1.6,21.4,21.4,True,False
A03-B07-R-L2,3,7,R,2,9.0,12.4,3.2,21.4,21.4,True,False
A03-B08-L-L0,3,8,L,0,9.0,13.6,0.0,22.6,22.6,True,True
A03-B08-L-L1,3,8,L,1,9.0,13.6,1.6,22.6,22.6,True,False
A03-B08-L-L2,3,8,L,2,9.0,13.6,3.2,22.6,22.6,True,False
A03-B08-R-L0,3,8,R,0,9.0,13.6,0.0,22.6,22.6,True,True
A03-B08-R-L1,3,8,R,1,9.0,13.6,1.6,22.6,22.6,True,False
A03-B08-R-L2,3,8,R,2,9.0,13.6,3.2,22.6,22.6,True,False
A03-B09-L-L0,3,9,L,0,9.0,14.799999999999999,0.0,23.799999999999997,23.799999999999997,True,True
A03-B09-L-L1,3,9,L,1,9.0,14.799999999999999,1.6,23.799999999999997,23.799999999999997,True,False
A03-B09-L-L2,3,9,L,2,9.0,14.799999999999999,3.2,23.799999999999997,23.799999999999997,True,False
A03-B09-R-L0,3,9,R,0,9.0,14.799999999999999,0.0,23.799999999999997,23.799999999999997,True,True
A03-B09-R-L1,3,9,R,1,9.0,14.799999999999999,1.6,23.799999999999997,23.799999999999997,True,False
A03-B09-R-L2,3,9,R,2,9.0,14.799999999999999,3.2,23.799999999999997,23.799999999999997,True,False
A03-B10-L-L0,3,10,L,0,9.0,16.0,0.0,25.0,25.0,True,True
A03-B10-L-L1,3,10,L,1,9.0,16.0,1.6,25.0,25.0,True,False
A03-B10-L-L2,3,10,L,2,9.0,16.0,3.2,25.0,25.0,True,False
A03-B10-R-L0,3,10,R,0,9.0,16.0,0.0,25.0,25.0,True,True
A03-B10-R-L1,3,10,R,1,9.0,16.0,1.6,25.0,25.0,True,False
A03-B10-R-L2,3,10,R,2,9.0,16.0,3.2,25.0,25.0,True,False
A03-B11-L-L0,3,11,L,0,9.0,17.2,0.0,26.2,26.2,True,True
A03-B11-L-L1,3,11,L,1,9.0,17.2,1.6,26.2,26.2,True,False
